{
"grid":"9x9",
"difficulty":"easy",
"count":20,
"puzzles":[
{
"id":"9x9_easy_001",
"puzzle":[
    [0,0,"W",0,"N",0,0,0,"Y"],
    ["G",0,0,"M",0,0,"R","Q",0],
    ["C","O",0,"R",0,"S",0,0,0],
    [0,"D","N",0,"A","B","S",0,"G"],
    ["X",0,"Y",0,0,"P","L",0,"C"],
    ["R",0,0,"D","Z",0,0,0,"W"],
    [0,0,0,0,0,"J","P","Y",0],
    [0,0,"O","Z","H",0,"A","W",0],
    ["T",0,"L","V",0,0,0,0,"Q"]
  ],
"solution":[
    ["D","V","W","S","N","M","E","O","Y"],
    ["G","I","F","M","O","W","R","Q","S"],
    ["C","O","G","R","D","S","Y","X","H"],
    ["Y","D","N","T","A","B","S","U","G"],
    ["X","B","Y","O","W","P","L","J","C"],
    ["R","H","A","D","Z","I","T","B","W"],
    ["Q","A","M","U","F","J","P","Y","K"],
    ["J","S","O","Z","H","D","A","W","P"],
    ["T","P","L","V","B","Z","D","R","Q"]
  ]
},
{
"id":"9x9_easy_002",
"puzzle":[
    [0,0,"U","P","H",0,"K",0,0],
    ["V",0,"Q","N",0,0,0,0,0],
    [0,0,0,0,"E",0,0,"M","Q"],
    ["P","Y","M",0,"A","O",0,"W",0],
    ["Z","C","F",0,0,"U",0,"B",0],
    ["T",0,0,"G",0,0,"B",0,"Z"],
    [0,"U",0,0,"J",0,0,"K",0],
    [0,"J",0,0,"P","W",0,"O",0],
    [0,"Z","B","C",0,"E","L","Y",0]
  ],
"solution":[
    ["J","A","U","P","H","I","K","Z","T"],
    ["V","B","Q","N","Y","F","X","E","I"],
    ["S","T","Z","J","E","D","W","M","Q"],
    ["P","Y","M","E","A","O","G","W","C"],
    ["Z","C","F","V","M","U","H","B","N"],
    ["T","I","C","G","U","K","B","R","Z"],
    ["Y","U","E","I","J","V","T","K","B"],
    ["F","J","G","Z","P","W","M","O","D"],
    ["A","Z","B","C","R","E","L","Y","V"]
  ]
},
{
"id":"9x9_easy_003",
"puzzle":[
    ["Q","Z","M",0,"I","T","X","B",0],
    [0,0,0,0,0,0,"Z",0,0],
    ["S","J","T",0,"P",0,0,"R",0],
    ["T","D",0,"Q",0,"F",0,0,0],
    [0,0,0,"I",0,"Y",0,"N",0],
    ["X","V","C","J","G",0,0,"I","K"],
    ["Z",0,0,"T","O",0,"V","G",0],
    ["V","Y",0,"S",0,0,0,"F","A"],
    [0,0,"J","D",0,"S","O","W","B"]
  ],
"solution":[
    ["Q","Z","M","A","I","T","X","B","J"],
    ["I","T","Q","L","B","M","Z","A","R"],
    ["S","J","T","Z","P","B","N","R","X"],
    ["T","D","X","Q","W","F","K","S","V"],
    ["U","M","O","I","A","Y","G","N","D"],
    ["X","V","C","J","G","Z","T","I","K"],
    ["Z","X","L","T","O","D","V","G","E"],
    ["V","Y","N","S","E","R","U","F","A"],
    ["Y","L","J","D","Z","S","O","W","B"]
  ]
},
{
"id":"9x9_easy_004",
"puzzle":[
    [0,0,"W",0,"P",0,0,0,"E"],
    ["D",0,"U","V",0,"G","C",0,0],
    [0,"X",0,0,0,0,"S","H",0],
    ["U","E",0,0,0,0,"G","O",0],
    [0,0,0,"D","U","M",0,"I","S"],
    [0,0,0,0,"Z","Q",0,0,0],
    ["L","J","E","H","Y","Z",0,0,"P"],
    [0,"P","X","B","J",0,0,0,"N"],
    ["V","W",0,"Z",0,0,0,0,"G"]
  ],
"solution":[
    ["F","G","W","N","P","S","V","R","E"],
    ["D","Y","U","V","W","G","C","M","H"],
    ["T","X","V","U","B","C","S","H","L"],
    ["U","E","I","P","L","F","G","O","C"],
    ["J","K","Y","D","U","M","B","I","S"],
    ["A","N","J","K","Z","Q","W","Y","B"],
    ["L","J","E","H","Y","Z","X","D","P"],
    ["G","P","X","B","J","L","T","U","N"],
    ["V","W","A","Z","R","O","N","K","G"]
  ]
},
{
"id":"9x9_easy_005",
"puzzle":[
    ["F","O",0,0,"Q",0,0,0,"B"],
    ["Q",0,0,"V",0,0,"N","I","M"],
    ["E",0,"N","Y",0,0,"Z","B",0],
    ["M","E",0,0,"H",0,"B",0,0],
    [0,"A",0,0,"V",0,0,0,"R"],
    ["K",0,"T",0,0,0,"L",0,"Z"],
    ["I","W","S","A","D","N","M",0,"O"],
    ["T","B","C",0,0,"W","U",0,0],
    ["U",0,0,"O",0,0,0,"T",0]
  ],
"solution":[
    ["F","O","V","J","Q","S","Y","A","B"],
    ["Q","R","F","V","S","L","N","I","M"],
    ["E","P","N","Y","A","R","Z","B","X"],
    ["M","E","J","R","H","Z","B","N","Q"],
    ["Y","A","L","X","V","H","F","M","R"],
    ["K","V","T","P","G","U","L","J","Z"],
    ["I","W","S","A","D","N","M","X","O"],
    ["T","B","C","Q","N","W","U","G","P"],
    ["U","D","Y","O","C","F","H","T","I"]
  ]
},
{
"id":"9x9_easy_006",
"puzzle":[
    ["Q",0,"N",0,"E",0,"B",0,"A"],
    [0,0,"D",0,"O","G",0,"L","M"],
    [0,"H","X",0,0,0,0,"Q",0],
    ["W","U","J",0,0,0,0,0,"C"],
    ["D",0,"S",0,0,"J","M","U",0],
    [0,0,0,"L",0,"B","Y",0,"E"],
    [0,0,"R","M","J","N","H","G",0],
    ["F",0,0,"E",0,0,0,"S",0],
    [0,0,"K",0,"A","U","G",0,"Q"]
  ],
"solution":[
    ["Q","C","N","T","E","Y","B","X","A"],
    ["X","F","D","P","O","G","C","L","M"],
    ["C","H","X","K","M","E","N","Q","J"],
    ["W","U","J","Z","V","R","I","E","C"],
    ["D","R","S","H","Z","J","M","U","V"],
    ["H","O","I","L","U","B","Y","Z","E"],
    ["A","X","R","M","J","N","H","G","B"],
    ["F","A","O","E","D","W","Q","S","N"],
    ["J","V","K","N","A","U","G","T","Q"]
  ]
},
{
"id":"9x9_easy_007",
"puzzle":[
    ["F","Y","N","C",0,"L",0,"R",0],
    [0,0,"L",0,"K","O",0,"Z",0],
    ["D","T",0,"Y","Q",0,0,0,"P"],
    ["I",0,"J",0,"T",0,0,0,0],
    ["L","O",0,"G",0,"W","H",0,"F"],
    [0,0,"Z",0,"Y",0,"E","J",0],
    [0,"N",0,"S",0,0,0,0,"X"],
    [0,0,"B",0,0,0,"I",0,0],
    [0,0,"G",0,"A",0,"D",0,"Q"]
  ],
"solution":[
    ["F","Y","N","C","W","L","O","R","B"],
    ["C","J","L","X","K","O","N","Z","W"],
    ["D","T","I","Y","Q","J","F","V","P"],
    ["I","A","J","D","T","Y","X","W","U"],
    ["L","O","P","G","J","W","H","T","F"],
    ["Q","H","Z","W","Y","B","E","J","R"],
    ["U","N","D","S","M","C","Z","L","X"],
    ["S","L","B","T","V","A","I","H","D"],
    ["R","P","G","M","A","I","D","C","Q"]
  ]
},
{
"id":"9x9_easy_008",
"puzzle":[
    ["K",0,"V","N",0,0,"J",0,0],
    [0,0,"Z",0,"P",0,0,"L",0],
    ["U","D",0,0,"O","E",0,"S","L"],
    [0,0,0,0,0,"C","L","W","O"],
    [0,"V","S","L","U","W","I",0,0],
    ["N",0,0,0,"W","F","Q",0,0],
    ["I","U",0,0,0,"Q",0,"C","Z"],
    ["S","P",0,0,"D","B",0,"U","M"],
    ["L","Q","N",0,"V",0,0,0,"A"]
  ],
"solution":[
    ["K","A","V","N","E","U","J","P","H"],
    ["T","B","Z","H","P","N","R","L","X"],
    ["U","D","Q","F","O","E","X","S","L"],
    ["A","K","M","Q","Z","C","L","W","O"],
    ["B","V","S","L","U","W","I","T","E"],
    ["N","S","J","Z","W","F","Q","Y","K"],
    ["I","U","K","D","B","Q","T","C","Z"],
    ["S","P","I","O","D","B","V","U","M"],
    ["L","Q","N","X","V","P","D","R","A"]
  ]
},
{
"id":"9x9_easy_009",
"puzzle":[
    ["J",0,0,"N",0,0,0,0,"V"],
    ["N",0,"W",0,"Q","S",0,"E","Y"],
    ["K",0,0,0,"D",0,"N","G","L"],
    ["W",0,"T","K","N",0,0,0,"H"],
    [0,0,"X",0,0,0,0,0,"P"],
    ["A",0,"P","O","J",0,0,"I","T"],
    ["Y","P",0,0,"S",0,0,"X",0],
    [0,0,0,"U","H","O","Q",0,0],
    [0,0,0,0,0,0,0,0,0]
  ],
"solution":[
    ["J","W","U","N","B","G","Z","O","V"],
    ["N","L","W","H","Q","S","K","E","Y"],
    ["K","T","I","Q","D","P","N","G","L"],
    ["W","Y","T","K","N","X","U","S","H"],
    ["M","I","X","A","T","W","O","F","P"],
    ["A","K","P","O","J","L","V","I","T"],
    ["Y","P","Z","J","S","N","H","X","C"],
    ["X","E","M","U","H","O","Q","K","J"],
    ["Q","X","F","W","L","Z","D","P","R"]
  ]
},
{
"id":"9x9_easy_010",
"puzzle":[
    ["I",0,"R","B","C","Q",0,"G",0],
    [0,"J","O","X","T",0,0,0,0],
    ["M","I",0,"C",0,0,"N",0,0],
    ["C",0,0,0,0,"Z",0,0,"K"],
    ["G",0,"B","A",0,"D","W",0,"I"],
    ["Z","R",0,"T",0,"F",0,"A",0],
    ["O",0,0,"R",0,0,"H",0,0],
    [0,"O",0,0,0,"R",0,0,0],
    ["N",0,0,"O","X","U","Y","M",0]
  ],
"solution":[
    ["I","S","R","B","C","Q","X","G","P"],
    ["P","J","O","X","T","C","M","I","H"],
    ["M","I","F","C","A","Y","N","L","E"],
    ["C","T","X","H","I","Z","E","F","K"],
    ["G","X","B","A","U","D","W","Q","I"],
    ["Z","R","W","T","K","F","V","A","G"],
    ["O","E","N","R","G","K","H","D","F"],
    ["B","O","L","W","N","R","Z","P","A"],
    ["N","D","G","O","X","U","Y","M","J"]
  ]
},
{
"id":"9x9_easy_011",
"puzzle":[
    ["P",0,0,"C",0,"F","D","I","G"],
    [0,0,"F","X","I","Y",0,"M","B"],
    ["Q","M",0,"F",0,"W",0,"P",0],
    [0,"K","E","D",0,0,0,0,"M"],
    [0,0,"S",0,0,0,0,"J",0],
    [0,"E","M",0,"R",0,0,0,0],
    [0,0,0,"A",0,"K",0,0,"R"],
    [0,"Z",0,"T",0,"D",0,"A",0],
    ["M",0,0,0,"E",0,0,"W","F"]
  ],
"solution":[
    ["P","O","X","C","W","F","D","I","G"],
    ["D","P","F","X","I","Y","T","M","B"],
    ["Q","M","C","F","V","W","L","P","I"],
    ["B","K","E","D","X","T","I","Y","M"],
    ["N","I","S","L","K","B","G","J","D"],
    ["J","E","M","N","R","H","K","S","C"],
    ["Z","J","H","A","U","K","O","X","R"],
    ["I","Z","B","T","N","D","Q","A","E"],
    ["M","C","R","O","E","U","N","W","F"]
  ]
},
{
"id":"9x9_easy_012",
"puzzle":[
    ["S","Y",0,"Z",0,0,"J","R",0],
    [0,"E","U","F","D",0,"H",0,"V"],
    [0,0,"Y",0,"H",0,0,"P",0],
    ["R","O",0,0,"Y",0,0,"J","G"],
    [0,0,0,"G",0,0,0,0,0],
    [0,"M","D",0,0,0,"Q",0,0],
    [0,0,"H",0,"R",0,0,"X",0],
    ["A","B","G","V",0,0,0,0,0],
    ["F","T",0,"R",0,"E","X","C",0]
  ],
"solution":[
    ["S","Y","L","Z","F","M","J","R","U"],
    ["O","E","U","F","D","I","H","L","V"],
    ["G","D","Y","E","H","B","W","P","R"],
    ["R","O","I","M","Y","K","A","J","G"],
    ["H","N","M","G","X","Z","S","V","Q"],
    ["N","M","D","H","J","P","Q","I","S"],
    ["T","C","H","Q","R","O","K","X","Y"],
    ["A","B","G","V","N","D","O","K","T"],
    ["F","T","A","R","B","E","X","C","O"]
  ]
},
{
"id":"9x9_easy_013",
"puzzle":[
    [0,"T","R",0,"H","Z","D","Y","G"],
    [0,0,0,0,0,0,0,"Z","A"],
    ["Y","H","K","U","F","P","I",0,0],
    [0,0,"F","H","B",0,"M",0,"V"],
    [0,"J",0,0,0,"K",0,0,0],
    ["V","U",0,0,0,"Y",0,"F",0],
    ["Z","E","S",0,0,"C","Q","B","Y"],
    [0,"Z","Q",0,"C",0,"G",0,"I"],
    [0,0,"H","Q","O",0,0,"M",0]
  ],
"solution":[
    ["U","T","R","O","H","Z","D","Y","G"],
    ["L","G","W","E","D","F","K","Z","A"],
    ["Y","H","K","U","F","P","I","Q","M"],
    ["X","I","F","H","B","J","M","S","V"],
    ["T","J","O","I","A","K","R","C","L"],
    ["V","U","B","K","J","Y","P","F","C"],
    ["Z","E","S","G","N","C","Q","B","Y"],
    ["R","Z","Q","S","C","O","G","J","I"],
    ["I","C","H","Q","O","N","U","M","B"]
  ]
},
{
"id":"9x9_easy_014",
"puzzle":[
    ["Z",0,"V",0,"A",0,0,"P","J"],
    [0,0,"S","W",0,0,"O",0,"X"],
    ["Y","W",0,"E",0,"L",0,"V",0],
    [0,"T",0,0,"D","X",0,0,0],
    [0,"M",0,0,"T","U","I","C","K"],
    ["S","P","F","Z",0,0,0,"B",0],
    [0,0,0,"D",0,0,0,0,0],
    [0,0,0,"R","X","J","Y","D","Z"],
    [0,"J","U","I","G",0,0,"X",0]
  ],
"solution":[
    ["Z","D","V","S","A","B","Q","P","J"],
    ["N","I","S","W","R","G","O","Z","X"],
    ["Y","W","J","E","Q","L","G","V","T"],
    ["I","T","N","H","D","X","E","G","L"],
    ["H","M","G","V","T","U","I","C","K"],
    ["S","P","F","Z","W","E","L","B","C"],
    ["M","F","A","D","Y","I","B","K","O"],
    ["G","N","W","R","X","J","Y","D","Z"],
    ["A","J","U","I","G","F","N","X","W"]
  ]
},
{
"id":"9x9_easy_015",
"puzzle":[
    ["A",0,"U","Y",0,0,"G",0,"R"],
    [0,"M","P",0,"N","Y","D",0,"S"],
    ["T","L","R",0,0,0,0,"D","K"],
    ["O","X","Z","A",0,"C",0,0,0],
    ["F",0,"D",0,0,0,"E",0,0],
    ["Z","W",0,0,0,"X",0,0,0],
    ["G","Z","X",0,0,"L","K","C",0],
    [0,"G",0,0,0,0,"A","U","W"],
    ["X","K","C","S","M",0,0,"Q","L"]
  ],
"solution":[
    ["A","J","U","Y","H","I","G","F","R"],
    ["W","M","P","R","N","Y","D","E","S"],
    ["T","L","R","V","G","U","S","D","K"],
    ["O","X","Z","A","R","C","J","I","E"],
    ["F","C","D","T","U","G","E","K","A"],
    ["Z","W","S","Q","T","X","R","M","B"],
    ["G","Z","X","P","Q","L","K","C","N"],
    ["H","G","B","X","V","Q","A","U","W"],
    ["X","K","C","S","M","Z","Y","Q","L"]
  ]
},
{
"id":"9x9_easy_016",
"puzzle":[
    [0,0,0,"M",0,"N","B","T",0],
    ["S","E","G",0,"A",0,0,"V",0],
    ["L","N","Y",0,0,"T",0,0,0],
    ["Y",0,"B","D",0,"C","W",0,"N"],
    [0,0,0,0,0,"F",0,0,"K"],
    [0,"P","I","F",0,0,0,"L",0],
    ["A","Y",0,0,0,"U","E","O",0],
    [0,"W",0,0,0,"B","C","P",0],
    ["V",0,"U",0,"X",0,0,"N",0]
  ],
"solution":[
    ["Q","Z","E","M","L","N","B","T","H"],
    ["S","E","G","I","A","O","J","V","Q"],
    ["L","N","Y","C","H","T","O","D","V"],
    ["Y","X","B","D","R","C","W","U","N"],
    ["I","D","X","V","Z","F","L","C","K"],
    ["M","P","I","F","Y","R","D","L","W"],
    ["A","Y","N","L","V","U","E","O","I"],
    ["F","W","H","N","M","B","C","P","R"],
    ["V","M","U","R","X","E","S","N","P"]
  ]
},
{
"id":"9x9_easy_017",
"puzzle":[
    [0,0,"D","R","B","G","S","N","W"],
    [0,0,"O",0,"E",0,"A",0,0],
    ["L",0,0,0,"O","F",0,"H","I"],
    ["P",0,"G","A",0,"D","T",0,"R"],
    [0,"J","Y","Q","K","Z","B",0,"F"],
    [0,"W","R","M",0,"A",0,"F","B"],
    [0,"C",0,"D",0,0,"P","L",0],
    ["X",0,"Z",0,0,0,0,0,"E"],
    [0,0,"K",0,0,0,"L","Q","C"]
  ],
"solution":[
    ["M","T","D","R","B","G","S","N","W"],
    ["G","U","O","H","E","Y","A","K","N"],
    ["L","Z","W","C","O","F","Q","H","I"],
    ["P","X","G","A","Y","D","T","Z","R"],
    ["D","J","Y","Q","K","Z","B","M","F"],
    ["U","W","R","M","L","A","V","F","B"],
    ["N","C","A","D","I","B","P","L","Q"],
    ["X","A","Z","L","P","T","O","S","E"],
    ["I","V","K","G","Z","H","L","Q","C"]
  ]
},
{
"id":"9x9_easy_018",
"puzzle":[
    ["V",0,"D","G","F","M","N",0,0],
    ["F",0,0,0,0,"H","O","C","J"],
    [0,"X","V","H",0,0,0,"B","M"],
    ["M",0,"U",0,0,0,"T",0,0],
    [0,0,"L",0,0,0,0,0,"S"],
    [0,"N","I","Y",0,0,"A","V","W"],
    [0,0,"G","M",0,0,0,0,"R"],
    [0,"F",0,"K",0,0,"S",0,"U"],
    [0,"K",0,0,0,0,0,"X",0]
  ],
"solution":[
    ["V","Q","D","G","F","M","N","U","I"],
    ["F","B","Z","I","Y","H","O","C","J"],
    ["U","X","V","H","T","Z","F","B","M"],
    ["M","P","U","D","E","V","T","W","O"],
    ["N","R","L","P","C","B","D","M","S"],
    ["D","N","I","Y","J","R","A","V","W"],
    ["C","E","G","M","K","T","Y","Z","R"],
    ["E","F","C","K","M","G","S","N","U"],
    ["I","K","B","C","A","P","G","X","L"]
  ]
},
{
"id":"9x9_easy_019",
"puzzle":[
    [0,"E","W",0,"M",0,0,"I",0],
    [0,0,0,"Z",0,"D",0,0,0],
    [0,0,0,"E",0,0,"D","W","G"],
    ["I",0,"N",0,0,"U",0,"B",0],
    [0,0,"I","G",0,"Z","B",0,"A"],
    [0,0,"M",0,0,"R","Q",0,0],
    [0,"T",0,0,0,"G",0,0,0],
    [0,0,0,"Q",0,"X",0,"O","F"],
    ["F","R","V","M","N",0,"I",0,"K"]
  ],
"solution":[
    ["X","E","W","U","M","N","C","I","Q"],
    ["Q","M","E","Z","V","D","S","N","J"],
    ["V","A","O","E","H","Q","D","W","G"],
    ["I","L","N","K","Y","U","R","B","T"],
    ["T","S","I","G","W","Z","B","K","A"],
    ["G","D","M","Y","Z","R","Q","J","I"],
    ["C","T","B","H","Q","G","W","S","P"],
    ["Y","J","T","Q","I","X","N","O","F"],
    ["F","R","V","M","N","S","I","T","K"]
  ]
},
{
"id":"9x9_easy_020",
"puzzle":[
    [0,"U",0,0,"R",0,"Y",0,0],
    ["C","O",0,0,0,"M","S",0,0],
    ["F","A",0,"Y",0,"Q",0,0,"E"],
    ["U",0,"C",0,"Q","Z",0,0,"J"],
    ["E",0,0,0,0,"I","B",0,"N"],
    [0,0,0,0,"Z",0,0,"Y",0],
    ["S",0,"F",0,0,0,"N",0,"Q"],
    [0,0,0,"R","U",0,0,0,"I"],
    ["I","M","J",0,"P","Y","D",0,0]
  ],
"solution":[
    ["P","U","L","N","R","E","Y","C","T"],
    ["C","O","U","P","X","M","S","T","H"],
    ["F","A","Z","Y","B","Q","L","V","E"],
    ["U","L","C","E","Q","Z","K","P","J"],
    ["E","Y","Q","Z","F","I","B","H","N"],
    ["G","S","M","Q","Z","W","R","Y","A"],
    ["S","R","F","K","Y","G","N","E","Q"],
    ["Z","H","N","R","U","X","O","G","I"],
    ["I","M","J","L","P","Y","D","W","C"]
  ]
}
]
}
