{
"grid":"9x9",
"difficulty":"expert",
"count":20,
"puzzles":[
{
"id":"9x9_expert_001",
"puzzle":[
    ["T",0,0,0,0,0,0,0,"N"],
    [0,"C","J",0,"R",0,0,0,0],
    ["Q",0,0,0,0,0,0,"P",0],
    ["Z","N","G",0,"W",0,"U","D","L"],
    ["Y",0,"I",0,"H","J",0,0,0],
    [0,"K",0,"E",0,0,"C","B",0],
    ["C","A",0,"W",0,"R",0,"G","J"],
    [0,0,"S",0,"X",0,0,"A",0],
    [0,"M",0,0,"Q",0,0,0,0]
  ],
"solution":[
    ["T","U","F","H","O","D","G","Y","N"],
    ["B","C","J","Z","R","E","V","Q","S"],
    ["Q","F","O","D","G","Z","S","P","R"],
    ["Z","N","G","Y","W","I","U","D","L"],
    ["Y","T","I","N","H","J","K","F","Z"],
    ["R","K","L","E","T","Q","C","B","I"],
    ["C","A","H","W","M","R","L","G","J"],
    ["E","O","S","K","X","L","H","A","G"],
    ["U","M","T","O","Q","X","P","L","E"]
  ]
},
{
"id":"9x9_expert_002",
"puzzle":[
    [0,0,0,"N",0,0,0,0,0],
    ["O","L","B",0,0,0,"U","C","S"],
    ["U","G","O",0,"L","M","N",0,0],
    [0,0,0,"Y","N","F","G",0,0],
    ["K","Y","D",0,"U","T","I","X","M"],
    ["L",0,0,0,0,0,"E",0,0],
    [0,0,0,0,0,"K",0,0,0],
    ["S","P","K","A",0,0,0,0,"N"],
    [0,"C","G","F",0,0,"Q",0,0]
  ],
"solution":[
    ["E","F","W","N","S","X","C","G","Q"],
    ["O","L","B","R","X","A","U","C","S"],
    ["U","G","O","Z","L","M","N","E","K"],
    ["D","V","A","Y","N","F","G","R","H"],
    ["K","Y","D","B","U","T","I","X","M"],
    ["L","K","J","U","D","P","E","Q","B"],
    ["W","B","L","D","A","K","R","P","Z"],
    ["S","P","K","A","F","E","B","O","N"],
    ["R","C","G","F","V","J","Q","A","U"]
  ]
},
{
"id":"9x9_expert_003",
"puzzle":[
    [0,"H",0,0,0,0,0,0,0],
    [0,0,"D","W","H",0,0,0,"P"],
    ["E","L",0,0,0,0,0,"P",0],
    ["M","S",0,"K","W","O","U","X",0],
    [0,"E","P",0,0,0,"V","N","Y"],
    ["P",0,0,"V","L","M",0,"S",0],
    ["F","V","R",0,0,0,0,0,0],
    ["X","U",0,"Q","G",0,0,0,0],
    ["T",0,0,0,"D",0,0,0,"S"]
  ],
"solution":[
    ["W","H","Q","S","N","K","F","C","G"],
    ["K","X","D","W","H","C","N","Z","P"],
    ["E","L","K","N","J","B","A","P","M"],
    ["M","S","F","K","W","O","U","X","N"],
    ["H","E","P","D","C","W","V","N","Y"],
    ["P","O","B","V","L","M","Z","S","T"],
    ["F","V","R","X","O","L","B","T","C"],
    ["X","U","O","Q","G","T","D","A","F"],
    ["T","F","N","A","D","V","R","Q","S"]
  ]
},
{
"id":"9x9_expert_004",
"puzzle":[
    [0,0,"H",0,0,"S",0,0,0],
    ["C",0,"L","S",0,0,"U",0,0],
    [0,"W","K","T",0,"J",0,0,0],
    [0,"K",0,0,"W",0,0,0,"I"],
    [0,"Q","O",0,0,0,0,0,0],
    ["F","S","I","C",0,0,0,0,0],
    [0,"F","R",0,"A",0,0,0,0],
    ["B","N",0,"M",0,0,"V",0,"E"],
    ["Q",0,0,"E",0,"G",0,0,0]
  ],
"solution":[
    ["T","M","H","L","G","S","W","B","J"],
    ["C","J","L","S","Z","X","U","P","T"],
    ["M","W","K","T","V","J","X","Z","N"],
    ["A","K","S","Y","W","B","P","E","I"],
    ["K","Q","O","G","N","M","B","C","W"],
    ["F","S","I","C","O","K","J","Q","Z"],
    ["W","F","R","Z","A","V","I","T","Q"],
    ["B","N","G","M","K","D","V","R","E"],
    ["Q","V","U","E","R","G","Y","W","X"]
  ]
},
{
"id":"9x9_expert_005",
"puzzle":[
    [0,"J","R","P","L",0,0,"Y",0],
    [0,0,0,0,0,0,0,0,"T"],
    [0,0,"X","W","U",0,"Y",0,"O"],
    ["Q","I",0,0,"S",0,"Z",0,"G"],
    ["T",0,"H",0,0,"V",0,"E","C"],
    [0,"E","I",0,"A",0,"C",0,0],
    ["U",0,"Z","M",0,0,0,0,0],
    ["M","Z",0,0,0,0,0,0,0],
    [0,"G",0,0,0,0,0,0,"E"]
  ],
"solution":[
    ["W","J","R","P","L","C","I","Y","F"],
    ["R","A","S","D","G","U","V","X","T"],
    ["Z","V","X","W","U","J","Y","F","O"],
    ["Q","I","E","R","S","K","Z","V","G"],
    ["T","P","H","S","D","V","J","E","C"],
    ["K","E","I","L","A","B","C","S","H"],
    ["U","H","Z","M","Y","E","Q","K","N"],
    ["M","Z","P","J","O","S","W","N","R"],
    ["C","G","K","V","N","X","R","J","E"]
  ]
},
{
"id":"9x9_expert_006",
"puzzle":[
    [0,0,0,"A",0,"X","I",0,0],
    ["V","D","T","N","M",0,0,0,0],
    ["N","K","V",0,0,"F","R",0,"D"],
    [0,0,0,0,0,"M","W",0,0],
    ["F","M","R","Z",0,"J","G","K","P"],
    ["R","N","A","B",0,0,0,"L","T"],
    [0,0,0,0,0,0,0,0,"G"],
    [0,0,0,0,0,"K",0,"Q","O"],
    [0,"E",0,"F",0,"R",0,0,0]
  ],
"solution":[
    ["S","W","E","A","P","X","I","C","Y"],
    ["V","D","T","N","M","Z","C","F","A"],
    ["N","K","V","Q","A","F","R","H","D"],
    ["Y","G","X","I","O","M","W","T","H"],
    ["F","M","R","Z","D","J","G","K","P"],
    ["R","N","A","B","K","P","S","L","T"],
    ["J","F","N","P","E","A","U","R","G"],
    ["U","A","P","Y","L","K","Z","Q","O"],
    ["G","E","K","F","Y","R","V","B","M"]
  ]
},
{
"id":"9x9_expert_007",
"puzzle":[
    [0,0,"O","D","M",0,0,0,0],
    ["W",0,0,0,0,"H","N",0,0],
    [0,0,0,0,0,"R",0,0,0],
    [0,0,0,0,"J","X",0,0,"O"],
    [0,"J",0,"F",0,"K",0,0,"H"],
    [0,"X","U",0,0,"V",0,"E",0],
    [0,"G",0,"K","L","D",0,0,0],
    ["K","A",0,0,"D","L",0,0,0],
    ["Q",0,"N",0,0,"M","J","G",0]
  ],
"solution":[
    ["P","H","O","D","M","E","Y","U","J"],
    ["W","F","A","T","Q","H","N","X","B"],
    ["H","B","P","S","C","R","L","F","W"],
    ["S","W","K","N","J","X","D","L","O"],
    ["A","J","T","F","P","K","M","Z","H"],
    ["Z","X","U","I","O","V","Q","E","D"],
    ["F","G","W","K","L","D","O","Q","X"],
    ["K","A","Q","G","D","L","W","T","Z"],
    ["Q","D","N","H","R","M","J","G","F"]
  ]
},
{
"id":"9x9_expert_008",
"puzzle":[
    [0,0,"M","U",0,"B",0,0,0],
    [0,0,0,0,0,0,0,0,"A"],
    [0,"U",0,"N","J",0,0,"D","R"],
    [0,"N",0,0,0,"M",0,0,"Z"],
    [0,0,"B",0,0,0,0,"K",0],
    ["Z","B","L",0,0,"I","A",0,"M"],
    [0,0,0,"Q","X",0,0,0,0],
    ["K","F",0,0,"O","D",0,0,"J"],
    ["W",0,"U",0,"A","C",0,0,0]
  ],
"solution":[
    ["O","I","M","U","E","B","S","G","P"],
    ["L","D","V","G","R","O","M","P","A"],
    ["Q","U","C","N","J","K","L","D","R"],
    ["X","N","R","A","H","M","F","S","Z"],
    ["T","G","B","Z","S","U","W","K","V"],
    ["Z","B","L","C","P","I","A","R","M"],
    ["I","L","H","Q","X","T","P","N","E"],
    ["K","F","Q","E","O","D","N","M","J"],
    ["W","V","U","K","A","C","O","H","N"]
  ]
},
{
"id":"9x9_expert_009",
"puzzle":[
    ["S",0,"K",0,0,"F",0,0,0],
    [0,0,"Y","B","N","X",0,"E",0],
    [0,0,"W","E","X","H",0,"B","S"],
    [0,"N",0,"P",0,0,"F","Y",0],
    [0,0,0,"L",0,"P","T","F",0],
    ["M",0,"F",0,0,"K",0,"U","L"],
    [0,"T","Z",0,"J",0,"M","R","F"],
    [0,0,"T",0,0,0,0,"J",0],
    [0,0,0,0,"V",0,"A","L","D"]
  ],
"solution":[
    ["S","X","K","V","I","F","L","P","G"],
    ["L","H","Y","B","N","X","Q","E","W"],
    ["C","G","W","E","X","H","P","B","S"],
    ["O","N","E","P","L","V","F","Y","Q"],
    ["X","B","V","L","H","P","T","F","Y"],
    ["M","J","F","N","G","K","B","U","L"],
    ["I","T","Z","K","J","A","M","R","F"],
    ["B","Z","T","F","O","I","Y","J","A"],
    ["W","R","U","J","V","N","A","L","D"]
  ]
},
{
"id":"9x9_expert_010",
"puzzle":[
    ["B",0,0,0,0,0,0,0,"Z"],
    [0,0,"B",0,0,0,0,0,"K"],
    ["W","H",0,"E","B",0,"V","O",0],
    [0,0,0,0,0,"F",0,0,"T"],
    ["T",0,0,0,0,0,0,0,"F"],
    ["D","S","N",0,0,0,"F",0,"O"],
    ["Q","W",0,"S","N","G","J",0,0],
    ["Y","Z","X",0,0,"V",0,0,0],
    ["A","D","Y",0,"H",0,"E","R","M"]
  ],
"solution":[
    ["B","G","T","L","X","U","A","N","Z"],
    ["S","V","B","G","F","W","Z","L","K"],
    ["W","H","M","E","B","C","V","O","L"],
    ["P","R","Q","N","S","F","G","C","T"],
    ["T","C","E","I","P","O","W","K","F"],
    ["D","S","N","V","T","R","F","M","O"],
    ["Q","W","C","S","N","G","J","Z","A"],
    ["Y","Z","X","H","W","V","B","I","C"],
    ["A","D","Y","O","H","J","E","R","M"]
  ]
},
{
"id":"9x9_expert_011",
"puzzle":[
    [0,"G","S","Q",0,"L","K","D",0],
    ["U",0,"V","L","T",0,0,0,0],
    [0,"E",0,"A","U",0,0,0,0],
    ["J","D","H","K",0,0,0,0,0],
    [0,0,"G","Z",0,"O","X","Y",0],
    [0,0,"U",0,"D",0,0,0,"V"],
    [0,"O",0,"V","E","I",0,0,0],
    [0,0,"O","F","Z","U",0,"T",0],
    [0,0,0,0,"G",0,0,0,"J"]
  ],
"solution":[
    ["V","G","S","Q","F","L","K","D","C"],
    ["U","Z","V","L","T","X","N","H","E"],
    ["R","E","P","A","U","Q","C","K","O"],
    ["J","D","H","K","C","E","A","Q","L"],
    ["P","B","G","Z","I","O","X","Y","T"],
    ["O","Q","U","S","D","M","T","W","V"],
    ["A","O","K","V","E","I","Q","X","B"],
    ["S","C","O","F","Z","U","B","T","H"],
    ["D","P","Z","T","G","H","M","L","J"]
  ]
},
{
"id":"9x9_expert_012",
"puzzle":[
    ["K",0,"J","S",0,"R",0,"V",0],
    [0,"Q",0,0,0,0,0,"D","K"],
    [0,0,"E","J",0,"P",0,0,0],
    [0,0,"R",0,"P","V",0,0,"Y"],
    ["P","L",0,0,"N",0,"W",0,0],
    [0,"N","T","E","H",0,0,"K",0],
    [0,"G","Q","V",0,0,0,0,0],
    [0,0,0,0,0,"M",0,"L","F"],
    ["Q",0,"M","N","B",0,0,"C","J"]
  ],
"solution":[
    ["K","I","J","S","G","R","E","V","C"],
    ["J","Q","H","P","T","A","Z","D","K"],
    ["L","W","E","J","Y","P","T","Z","D"],
    ["X","O","R","Z","P","V","U","I","Y"],
    ["P","L","D","I","N","Q","W","U","M"],
    ["D","N","T","E","H","J","P","K","G"],
    ["F","G","Q","V","C","K","N","J","S"],
    ["Y","H","U","D","Q","M","S","L","F"],
    ["Q","Z","M","N","B","O","L","C","J"]
  ]
},
{
"id":"9x9_expert_013",
"puzzle":[
    [0,"U",0,"A","B","R","Q",0,0],
    ["S","C",0,"P","G",0,0,0,"N"],
    ["Y","Q",0,0,0,0,"X",0,0],
    [0,"W","Z",0,"P",0,"A",0,0],
    ["U",0,0,0,"J","C",0,"O",0],
    [0,0,0,"L",0,"U",0,0,"W"],
    ["Z",0,0,0,0,0,"E",0,0],
    [0,"D","T",0,"F",0,0,0,"O"],
    [0,0,"M",0,"H",0,"B","Z",0]
  ],
"solution":[
    ["G","U","I","A","B","R","Q","H","M"],
    ["S","C","Q","P","G","I","J","R","N"],
    ["Y","Q","D","G","A","H","X","T","P"],
    ["F","W","Z","O","P","E","A","U","K"],
    ["U","E","X","T","J","C","G","O","R"],
    ["V","Y","O","L","C","U","N","J","W"],
    ["Z","F","Y","K","W","A","E","V","T"],
    ["K","D","T","U","F","P","H","N","O"],
    ["I","V","M","R","H","L","B","Z","X"]
  ]
},
{
"id":"9x9_expert_014",
"puzzle":[
    [0,"H",0,"Y",0,"K","A",0,0],
    [0,"Q",0,0,0,0,"E",0,"H"],
    [0,0,"G","U","B",0,0,0,"E"],
    ["U",0,"K","C","E","H",0,"F","Q"],
    ["O",0,0,0,0,0,0,0,0],
    ["J","B","O","Q","S",0,"C","X","V"],
    [0,"P",0,"O","T","C",0,"N",0],
    ["I",0,"N",0,0,"P",0,0,0],
    [0,0,"L","T","D",0,0,0,"A"]
  ],
"solution":[
    ["F","H","R","Y","P","K","A","V","W"],
    ["Y","Q","P","F","N","M","E","D","H"],
    ["C","Z","G","U","B","X","O","S","E"],
    ["U","W","K","C","E","H","T","F","Q"],
    ["O","V","H","Z","K","U","Y","L","C"],
    ["J","B","O","Q","S","E","C","X","V"],
    ["R","P","Q","O","T","C","X","N","G"],
    ["I","Y","N","X","J","P","Q","K","O"],
    ["M","O","L","T","D","J","Z","H","A"]
  ]
},
{
"id":"9x9_expert_015",
"puzzle":[
    [0,0,"S",0,"U",0,"Z",0,0],
    [0,0,0,0,0,"D",0,0,"W"],
    ["F",0,"M",0,"R",0,"W","S",0],
    ["N","M","I","Z",0,0,"R",0,0],
    [0,0,0,0,"Z","Q","H","I","N"],
    [0,"X","D","E","N","I","Q","P",0],
    [0,0,0,0,"P",0,"K","F","L"],
    ["U",0,"A","R","Y",0,"C",0,0],
    ["K","H","L",0,0,0,0,0,0]
  ],
"solution":[
    ["R","J","S","T","U","L","Z","Y","C"],
    ["E","R","Y","V","A","D","F","U","W"],
    ["F","D","M","H","R","V","W","S","E"],
    ["N","M","I","Z","G","W","R","K","B"],
    ["X","E","U","D","Z","Q","H","I","N"],
    ["C","X","D","E","N","I","Q","P","U"],
    ["W","Z","C","X","P","T","K","F","L"],
    ["U","Q","A","R","Y","J","C","L","X"],
    ["K","H","L","Q","J","B","M","E","F"]
  ]
},
{
"id":"9x9_expert_016",
"puzzle":[
    [0,0,"I","E",0,0,0,0,"J"],
    [0,"V",0,"H","J",0,0,"Z","I"],
    [0,0,"D",0,"A",0,0,0,0],
    [0,"K",0,"C",0,"Q","F","V",0],
    [0,"Q",0,"X","S","V","O",0,0],
    ["Y","W","L",0,"O",0,"E",0,"Z"],
    ["H",0,0,0,"F",0,0,0,0],
    [0,0,0,0,0,"S","N",0,0],
    [0,"S","B","L",0,"W","G","P",0]
  ],
"solution":[
    ["S","Y","I","E","P","M","R","G","J"],
    ["L","V","O","H","J","X","A","Z","I"],
    ["O","I","D","V","A","K","Z","B","R"],
    ["J","K","Y","C","D","Q","F","V","B"],
    ["T","Q","A","X","S","V","O","W","D"],
    ["Y","W","L","F","O","D","E","S","Z"],
    ["H","Z","G","W","F","Y","U","A","M"],
    ["R","H","V","U","K","S","N","F","Q"],
    ["E","S","B","L","X","W","G","P","F"]
  ]
},
{
"id":"9x9_expert_017",
"puzzle":[
    [0,"K",0,0,0,0,0,0,0],
    [0,0,0,"K",0,0,0,0,0],
    ["B","F",0,"Y",0,"I","S","W","M"],
    ["O",0,"B",0,"A","J","X","C","Q"],
    [0,0,0,0,0,"B",0,0,0],
    ["S","R",0,"O",0,0,0,0,0],
    [0,"J",0,0,"N","S",0,0,"P"],
    ["C","D","E","V",0,"M",0,0,"L"],
    [0,"B","L","P",0,"N",0,"X",0]
  ],
"solution":[
    ["G","K","F","I","S","W","J","P","O"],
    ["P","W","Q","K","Y","E","Z","J","S"],
    ["B","F","G","Y","U","I","S","W","M"],
    ["O","I","B","E","A","J","X","C","Q"],
    ["U","O","I","D","K","B","H","A","C"],
    ["S","R","M","O","E","H","U","Z","I"],
    ["A","J","C","G","N","S","D","M","P"],
    ["C","D","E","V","P","M","N","O","L"],
    ["Z","B","L","P","H","N","Y","X","J"]
  ]
},
{
"id":"9x9_expert_018",
"puzzle":[
    [0,0,0,0,0,0,0,"U","F"],
    ["C",0,0,0,0,0,0,0,"V"],
    ["R",0,"I",0,0,"L",0,"S","M"],
    ["K",0,"G","D","W",0,0,"O",0],
    [0,0,0,0,0,0,"N","G",0],
    ["S","L",0,0,0,0,0,"D",0],
    [0,"X",0,"C","Y",0,"J",0,"O"],
    [0,"K",0,"G",0,"X",0,0,0],
    ["O",0,0,0,0,0,"G","Y",0]
  ],
"solution":[
    ["D","C","J","R","G","K","M","U","F"],
    ["C","N","D","T","Z","F","E","M","V"],
    ["R","W","I","F","X","L","Y","S","M"],
    ["K","A","G","D","W","U","R","O","J"],
    ["P","T","H","X","A","E","N","G","Q"],
    ["S","L","O","A","R","V","W","D","K"],
    ["U","X","A","C","Y","I","J","W","O"],
    ["Y","K","B","G","T","X","O","P","D"],
    ["O","S","V","K","J","T","G","Y","A"]
  ]
},
{
"id":"9x9_expert_019",
"puzzle":[
    [0,0,0,0,0,"Z",0,"S","L"],
    ["Q",0,0,"P","H","T",0,0,"I"],
    [0,0,"Z","H","I",0,0,"W","A"],
    [0,"Q","J","W",0,"I",0,"P",0],
    ["B","V","S",0,"U","H","A","J",0],
    [0,0,"U",0,"T",0,0,"D",0],
    [0,"L","O","V",0,"F",0,0,0],
    [0,0,"M","U",0,0,0,"V",0],
    [0,"P",0,"X",0,0,0,"R","E"]
  ],
"solution":[
    ["F","X","N","M","D","Z","K","S","L"],
    ["Q","J","C","P","H","T","B","Y","I"],
    ["V","C","Z","H","I","J","U","W","A"],
    ["T","Q","J","W","O","I","Z","P","N"],
    ["B","V","S","I","U","H","A","J","F"],
    ["E","G","U","K","T","Y","F","D","H"],
    ["D","L","O","V","N","F","P","K","U"],
    ["K","F","M","U","G","O","D","V","Q"],
    ["Y","P","W","X","C","G","J","R","E"]
  ]
},
{
"id":"9x9_expert_020",
"puzzle":[
    [0,"D","P","L","B","J","C","Q","X"],
    [0,0,0,"F",0,0,0,0,"I"],
    [0,0,0,"R","Q","A",0,"Y",0],
    ["B","H",0,0,"N",0,"S","M","T"],
    [0,0,"K",0,0,"H","W",0,"E"],
    [0,0,"M",0,0,"O",0,0,"B"],
    [0,"W",0,0,"I",0,0,0,0],
    [0,"O","R",0,0,"B","M",0,0],
    ["J","R",0,0,"V",0,"Q",0,0]
  ],
"solution":[
    ["W","D","P","L","B","J","C","Q","X"],
    ["O","G","H","F","J","X","N","A","I"],
    ["E","J","B","R","Q","A","K","Y","U"],
    ["B","H","D","K","N","G","S","M","T"],
    ["P","L","K","T","O","H","W","U","E"],
    ["D","N","M","J","Y","O","P","S","B"],
    ["H","W","S","A","I","K","L","R","D"],
    ["K","O","R","G","F","B","M","C","H"],
    ["J","R","X","N","V","T","Q","B","P"]
  ]
}
]
}
