[
{
"id":"weekly_5x5_2025-12-07",
"date":"2025-12-07",
"puzzle":[
    [0,"F","P","C",0],
    [0,0,0,"P","C"],
    [0,0,0,"V","P"],
    ["I",0,"Y","O",0],
    [0,0,0,0,0]
  ],
"solution":[
    ["E","F","P","C","A"],
    ["N","X","F","P","C"],
    ["L","S","X","V","P"],
    ["I","H","Y","O","V"],
    ["R","G","I","M","N"]
  ]
},
{
"id":"weekly_5x5_2025-12-14",
"date":"2025-12-14",
"puzzle":[
    [0,"W",0,0,0],
    ["R","T",0,"N","U"],
    [0,0,0,0,"R"],
    [0,0,0,"S","J"],
    ["F","B",0,0,0]
  ],
"solution":[
    ["U","W","P","C","V"],
    ["R","T","V","N","U"],
    ["Y","P","B","H","R"],
    ["N","C","T","S","J"],
    ["F","B","A","Y","C"]
  ]
},
{
"id":"weekly_5x5_2025-12-21",
"date":"2025-12-21",
"puzzle":[
    [0,0,"M",0,0],
    [0,"A",0,"V",0],
    [0,0,"W","N",0],
    [0,0,"U",0,0],
    ["Y",0,0,"A",0]
  ],
"solution":[
    ["R","G","M","D","C"],
    ["K","A","J","V","I"],
    ["U","H","W","N","Q"],
    ["M","X","U","C","B"],
    ["Y","M","D","A","X"]
  ]
},
{
"id":"weekly_5x5_2025-12-28",
"date":"2025-12-28",
"puzzle":[
    [0,0,"E",0,0],
    ["P",0,"R",0,0],
    [0,"S",0,0,"F"],
    [0,0,0,0,0],
    ["V",0,"Y",0,"Q"]
  ],
"solution":[
    ["C","W","E","N","J"],
    ["P","Q","R","H","S"],
    ["K","S","A","I","F"],
    ["F","H","V","Q","M"],
    ["V","D","Y","C","Q"]
  ]
},
{
"id":"weekly_5x5_2026-01-04",
"date":"2026-01-04",
"puzzle":[
    [0,0,0,0,0],
    ["O","D",0,0,0],
    ["H","R","L",0,0],
    [0,"G",0,"J","I"],
    [0,"M",0,"S",0]
  ],
"solution":[
    ["G","J","P","B","R"],
    ["O","D","J","L","H"],
    ["H","R","L","N","X"],
    ["T","G","K","J","I"],
    ["N","M","A","S","L"]
  ]
},
{
"id":"weekly_5x5_2026-01-11",
"date":"2026-01-11",
"puzzle":[
    ["C","R","E","P",0],
    ["N",0,0,"B",0],
    ["I",0,"G",0,0],
    ["D",0,0,0,0],
    [0,0,0,0,"B"]
  ],
"solution":[
    ["C","R","E","P","K"],
    ["N","P","D","B","X"],
    ["I","M","G","S","J"],
    ["D","E","T","F","P"],
    ["S","V","R","I","B"]
  ]
},
{
"id":"weekly_5x5_2026-01-18",
"date":"2026-01-18",
"puzzle":[
    [0,0,0,"H",0],
    [0,"S","H",0,0],
    ["C",0,0,"G",0],
    ["N",0,"T",0,"M"],
    [0,0,0,0,0]
  ],
"solution":[
    ["A","Y","N","H","F"],
    ["O","S","H","M","T"],
    ["C","W","D","G","U"],
    ["N","B","T","U","M"],
    ["D","T","C","Q","O"]
  ]
},
{
"id":"weekly_5x5_2026-01-25",
"date":"2026-01-25",
"puzzle":[
    ["L",0,"V","X",0],
    [0,0,"O",0,0],
    [0,"C","I",0,0],
    ["D","Q",0,"R",0],
    [0,"Y",0,0,0]
  ],
"solution":[
    ["L","E","V","X","K"],
    ["Y","J","O","C","Q"],
    ["M","C","I","S","E"],
    ["D","Q","S","R","M"],
    ["T","Y","D","L","V"]
  ]
},
{
"id":"weekly_5x5_2026-02-01",
"date":"2026-02-01",
"puzzle":[
    ["M",0,0,"E",0],
    [0,0,0,0,"V"],
    [0,0,"X","P","D"],
    [0,0,0,"R",0],
    [0,0,0,0,"L"]
  ],
"solution":[
    ["M","K","V","E","U"],
    ["L","S","E","O","V"],
    ["R","B","X","P","D"],
    ["Y","T","U","R","B"],
    ["O","N","D","C","L"]
  ]
},
{
"id":"weekly_5x5_2026-02-08",
"date":"2026-02-08",
"puzzle":[
    ["B",0,"M","X",0],
    [0,"H",0,0,0],
    ["Y",0,0,0,"C"],
    [0,"R",0,0,0],
    [0,"N","X",0,0]
  ],
"solution":[
    ["B","W","M","X","V"],
    ["X","H","Y","M","F"],
    ["Y","A","D","I","C"],
    ["V","R","I","T","J"],
    ["E","N","X","Y","A"]
  ]
},
{
"id":"weekly_5x5_2026-02-15",
"date":"2026-02-15",
"puzzle":[
    [0,"W",0,"Y",0],
    [0,0,0,"U","D"],
    ["Q","A","C",0,"F"],
    [0,0,0,0,0],
    [0,0,"A",0,0]
  ],
"solution":[
    ["U","W","O","Y","X"],
    ["R","Q","V","U","D"],
    ["Q","A","C","V","F"],
    ["A","F","K","P","W"],
    ["G","T","A","F","R"]
  ]
},
{
"id":"weekly_5x5_2026-02-22",
"date":"2026-02-22",
"puzzle":[
    [0,0,0,"E",0],
    [0,0,0,0,"Y"],
    [0,0,"K",0,"O"],
    ["F","H",0,"D","U"],
    [0,0,0,0,0]
  ],
"solution":[
    ["K","U","H","E","V"],
    ["P","S","O","L","Y"],
    ["S","M","K","G","O"],
    ["F","H","R","D","U"],
    ["T","D","P","N","W"]
  ]
},
{
"id":"weekly_5x5_2026-03-01",
"date":"2026-03-01",
"puzzle":[
    ["P",0,0,0,"E"],
    [0,"N",0,0,0],
    ["E",0,0,0,"P"],
    [0,0,0,"C",0],
    ["K",0,0,0,"A"]
  ],
"solution":[
    ["P","Q","A","F","E"],
    ["U","N","I","S","Y"],
    ["E","H","J","N","P"],
    ["M","D","R","C","O"],
    ["K","J","Y","R","A"]
  ]
},
{
"id":"weekly_5x5_2026-03-08",
"date":"2026-03-08",
"puzzle":[
    [0,0,0,"F","G"],
    [0,0,0,"R",0],
    [0,0,0,"T","H"],
    [0,0,"Y",0,"S"],
    [0,"B","M",0,0]
  ],
"solution":[
    ["J","P","O","F","G"],
    ["A","K","P","R","I"],
    ["L","X","R","T","H"],
    ["U","R","Y","J","S"],
    ["G","B","M","Q","A"]
  ]
},
{
"id":"weekly_5x5_2026-03-15",
"date":"2026-03-15",
"puzzle":[
    ["V",0,"J","A",0],
    ["M",0,"G","J",0],
    ["J",0,0,0,"Y"],
    [0,"A",0,0,0],
    [0,0,"F",0,0]
  ],
"solution":[
    ["V","B","J","A","R"],
    ["M","P","G","J","X"],
    ["J","S","P","E","Y"],
    ["C","A","H","I","V"],
    ["T","H","F","Q","B"]
  ]
},
{
"id":"weekly_5x5_2026-03-22",
"date":"2026-03-22",
"puzzle":[
    ["N",0,0,0,"H"],
    [0,0,0,0,"L"],
    [0,"U",0,0,0],
    ["K",0,0,0,0],
    ["V","I","A",0,0]
  ],
"solution":[
    ["N","T","C","K","H"],
    ["C","M","V","S","L"],
    ["Q","U","D","C","V"],
    ["K","L","N","W","Y"],
    ["V","I","A","N","O"]
  ]
},
{
"id":"weekly_5x5_2026-03-29",
"date":"2026-03-29",
"puzzle":[
    ["S",0,"T","R",0],
    [0,"X","K","V","G"],
    [0,"B",0,"J",0],
    [0,0,0,0,0],
    [0,"K",0,0,0]
  ],
"solution":[
    ["S","P","T","R","J"],
    ["Q","X","K","V","G"],
    ["D","B","U","J","Y"],
    ["G","F","B","H","C"],
    ["M","K","W","D","I"]
  ]
},
{
"id":"weekly_5x5_2026-04-05",
"date":"2026-04-05",
"puzzle":[
    [0,0,"P",0,"O"],
    [0,0,0,"C",0],
    [0,0,"G","R","S"],
    ["N",0,0,0,"J"],
    [0,0,"U",0,0]
  ],
"solution":[
    ["R","U","P","E","O"],
    ["A","B","V","C","T"],
    ["B","A","G","R","S"],
    ["N","M","D","X","J"],
    ["E","T","U","Q","H"]
  ]
},
{
"id":"weekly_5x5_2026-04-12",
"date":"2026-04-12",
"puzzle":[
    ["V",0,0,0,0],
    [0,0,0,0,0],
    [0,"B","E","L",0],
    ["P",0,"S","Y","Q"],
    [0,0,0,0,0]
  ],
"solution":[
    ["V","A","D","E","B"],
    ["X","R","N","J","M"],
    ["H","B","E","L","A"],
    ["P","M","S","Y","Q"],
    ["M","H","O","N","F"]
  ]
},
{
"id":"weekly_5x5_2026-04-19",
"date":"2026-04-19",
"puzzle":[
    [0,"M",0,0,"W"],
    ["Q",0,0,"T",0],
    ["P","H",0,"R",0],
    ["F","L",0,0,0],
    ["J",0,0,0,0]
  ],
"solution":[
    ["B","M","J","P","W"],
    ["Q","G","K","T","A"],
    ["P","H","M","R","T"],
    ["F","L","A","K","N"],
    ["J","I","W","G","D"]
  ]
},
{
"id":"weekly_5x5_2026-04-26",
"date":"2026-04-26",
"puzzle":[
    [0,"Q",0,0,0],
    ["F",0,"W",0,"U"],
    ["H",0,"C","X","K"],
    [0,0,0,0,0],
    ["M",0,0,0,0]
  ],
"solution":[
    ["W","Q","U","F","M"],
    ["F","M","W","P","U"],
    ["H","Y","C","X","K"],
    ["P","X","M","D","A"],
    ["M","F","S","W","Y"]
  ]
},
{
"id":"weekly_5x5_2026-05-03",
"date":"2026-05-03",
"puzzle":[
    [0,0,0,0,"O"],
    ["Y",0,0,0,"P"],
    [0,0,"R",0,0],
    [0,"M","L",0,0],
    [0,"N",0,0,"K"]
  ],
"solution":[
    ["R","W","U","I","O"],
    ["Y","T","B","N","P"],
    ["B","X","R","H","U"],
    ["N","M","L","T","Q"],
    ["J","N","Y","E","K"]
  ]
},
{
"id":"weekly_5x5_2026-05-10",
"date":"2026-05-10",
"puzzle":[
    ["C",0,"O",0,0],
    [0,0,0,"A","D"],
    [0,0,0,"C","H"],
    ["W","J","D",0,0],
    [0,0,0,"F",0]
  ],
"solution":[
    ["C","R","O","I","Y"],
    ["J","I","N","A","D"],
    ["P","F","A","C","H"],
    ["W","J","D","L","O"],
    ["V","P","M","F","K"]
  ]
},
{
"id":"weekly_5x5_2026-05-17",
"date":"2026-05-17",
"puzzle":[
    [0,0,"J",0,0],
    ["I","M","G","O",0],
    ["P",0,0,0,0],
    [0,"H",0,"D",0],
    [0,"Q","M",0,0]
  ],
"solution":[
    ["F","P","J","C","T"],
    ["I","M","G","O","J"],
    ["P","X","Q","H","U"],
    ["B","H","A","D","P"],
    ["W","Q","M","I","E"]
  ]
},
{
"id":"weekly_5x5_2026-05-24",
"date":"2026-05-24",
"puzzle":[
    [0,"O","L",0,0],
    ["W","B",0,0,0],
    ["L",0,"O","I",0],
    [0,0,0,0,0],
    [0,0,"Y","P",0]
  ],
"solution":[
    ["X","O","L","V","I"],
    ["W","B","E","T","O"],
    ["L","A","O","I","N"],
    ["M","H","Q","D","J"],
    ["G","D","Y","P","V"]
  ]
},
{
"id":"weekly_5x5_2026-05-31",
"date":"2026-05-31",
"puzzle":[
    [0,"L",0,0,"E"],
    ["M","G",0,0,"K"],
    [0,0,"T",0,0],
    ["J",0,0,"E",0],
    ["C",0,0,"V",0]
  ],
"solution":[
    ["V","L","W","Q","E"],
    ["M","G","N","A","K"],
    ["X","R","T","P","W"],
    ["J","I","F","E","D"],
    ["C","F","S","V","I"]
  ]
},
{
"id":"weekly_5x5_2026-06-07",
"date":"2026-06-07",
"puzzle":[
    ["G",0,0,0,0],
    [0,0,0,0,0],
    ["B",0,0,"U",0],
    [0,"B","V","Q",0],
    ["D",0,0,0,"P"]
  ],
"solution":[
    ["G","I","F","D","U"],
    ["Q","C","W","X","V"],
    ["B","P","Y","U","X"],
    ["U","B","V","Q","W"],
    ["D","S","O","A","P"]
  ]
},
{
"id":"weekly_5x5_2026-06-14",
"date":"2026-06-14",
"puzzle":[
    [0,"N",0,0,0],
    ["V",0,0,0,"U"],
    ["J",0,"S",0,"M"],
    [0,"E",0,0,"A"],
    ["G",0,0,0,"D"]
  ],
"solution":[
    ["E","N","U","T","W"],
    ["V","S","W","O","U"],
    ["J","D","S","H","M"],
    ["F","E","I","M","A"],
    ["G","U","M","V","D"]
  ]
},
{
"id":"weekly_5x5_2026-06-21",
"date":"2026-06-21",
"puzzle":[
    [0,0,0,"L",0],
    [0,"P","Q",0,0],
    [0,"T",0,0,0],
    ["G",0,"P",0,"X"],
    [0,0,0,0,"N"]
  ],
"solution":[
    ["S","U","X","L","H"],
    ["R","P","Q","F","Y"],
    ["L","T","K","P","U"],
    ["G","K","P","H","X"],
    ["Y","A","L","C","N"]
  ]
},
{
"id":"weekly_5x5_2026-06-28",
"date":"2026-06-28",
"puzzle":[
    ["S","K",0,0,"R"],
    ["N","B",0,0,0],
    [0,0,"I","F",0],
    [0,0,0,0,"V"],
    ["M",0,0,0,"J"]
  ],
"solution":[
    ["S","K","H","X","R"],
    ["N","B","X","G","F"],
    ["G","T","I","F","N"],
    ["K","O","W","D","V"],
    ["M","F","L","B","J"]
  ]
},
{
"id":"weekly_5x5_2026-07-05",
"date":"2026-07-05",
"puzzle":[
    [0,"U","Y",0,0],
    ["L","G",0,0,"N"],
    ["A","Q",0,"E",0],
    [0,"P",0,0,0],
    [0,0,0,"G",0]
  ],
"solution":[
    ["I","U","Y","B","C"],
    ["L","G","W","R","N"],
    ["A","Q","H","E","G"],
    ["C","P","M","T","Q"],
    ["Q","X","E","G","W"]
  ]
},
{
"id":"weekly_5x5_2026-07-12",
"date":"2026-07-12",
"puzzle":[
    ["Q",0,0,0,"L"],
    [0,0,0,"B",0],
    [0,0,"J",0,"U"],
    [0,0,0,"N",0],
    [0,0,"K","S","P"]
  ],
"solution":[
    ["Q","B","I","M","L"],
    ["K","S","U","B","J"],
    ["X","F","J","T","U"],
    ["L","D","P","N","A"],
    ["N","U","K","S","P"]
  ]
},
{
"id":"weekly_5x5_2026-07-19",
"date":"2026-07-19",
"puzzle":[
    [0,0,0,"Y","P"],
    [0,"O",0,0,0],
    [0,"P",0,"T",0],
    [0,0,0,"B","D"],
    [0,"Y",0,0,"E"]
  ],
"solution":[
    ["E","U","V","Y","P"],
    ["I","O","T","S","W"],
    ["K","P","A","T","S"],
    ["J","L","Q","B","D"],
    ["N","Y","B","M","E"]
  ]
},
{
"id":"weekly_5x5_2026-07-26",
"date":"2026-07-26",
"puzzle":[
    ["J","U",0,"B",0],
    [0,0,0,0,"N"],
    [0,0,0,0,0],
    ["B",0,"K","O",0],
    [0,0,0,0,"K"]
  ],
"solution":[
    ["J","U","F","B","C"],
    ["Q","V","D","G","N"],
    ["U","L","S","I","B"],
    ["B","P","K","O","U"],
    ["R","H","L","Q","K"]
  ]
},
{
"id":"weekly_5x5_2026-08-02",
"date":"2026-08-02",
"puzzle":[
    [0,0,"R",0,0],
    [0,0,0,0,"A"],
    ["G",0,0,"H","L"],
    [0,"G","C","O",0],
    [0,0,"D","S",0]
  ],
"solution":[
    ["V","C","R","B","I"],
    ["N","D","U","C","A"],
    ["G","W","F","H","L"],
    ["P","G","C","O","F"],
    ["L","Y","D","S","U"]
  ]
},
{
"id":"weekly_5x5_2026-08-09",
"date":"2026-08-09",
"puzzle":[
    ["L",0,0,0,"W"],
    [0,"Y",0,0,0],
    [0,"J","C",0,0],
    [0,0,"Q","X",0],
    [0,0,"H",0,0]
  ],
"solution":[
    ["L","X","E","H","W"],
    ["C","Y","I","M","U"],
    ["M","J","C","S","R"],
    ["J","N","Q","X","A"],
    ["F","P","H","N","D"]
  ]
},
{
"id":"weekly_5x5_2026-08-16",
"date":"2026-08-16",
"puzzle":[
    ["M","F",0,0,0],
    ["V",0,0,"L",0],
    [0,0,"R",0,0],
    ["R","Q",0,0,"C"],
    [0,"I",0,"C",0]
  ],
"solution":[
    ["M","F","I","V","E"],
    ["V","G","B","L","X"],
    ["U","V","R","E","J"],
    ["R","Q","Y","U","C"],
    ["S","I","Q","C","A"]
  ]
},
{
"id":"weekly_5x5_2026-08-23",
"date":"2026-08-23",
"puzzle":[
    [0,"O",0,0,0],
    ["J","V",0,"M","K"],
    [0,0,0,0,0],
    ["E",0,"U","X",0],
    [0,"U",0,0,"R"]
  ],
"solution":[
    ["X","O","M","W","E"],
    ["J","V","Y","M","K"],
    ["V","I","S","L","B"],
    ["E","B","U","X","O"],
    ["L","U","G","N","R"]
  ]
},
{
"id":"weekly_5x5_2026-08-30",
"date":"2026-08-30",
"puzzle":[
    ["L",0,0,0,0],
    [0,0,"V","B",0],
    ["M","K",0,"N","V"],
    ["V",0,0,0,0],
    [0,"X","O",0,0]
  ],
"solution":[
    ["L","N","I","G","W"],
    ["I","M","V","B","L"],
    ["M","K","J","N","V"],
    ["V","U","K","F","M"],
    ["Q","X","O","C","G"]
  ]
},
{
"id":"weekly_5x5_2026-09-06",
"date":"2026-09-06",
"puzzle":[
    ["R","G",0,0,0],
    ["B",0,"I",0,"J"],
    [0,0,"W","L",0],
    [0,0,0,0,"S"],
    [0,0,0,0,0]
  ],
"solution":[
    ["R","G","F","N","M"],
    ["B","A","I","K","J"],
    ["I","U","W","L","O"],
    ["P","M","R","B","S"],
    ["X","N","T","H","P"]
  ]
},
{
"id":"weekly_5x5_2026-09-13",
"date":"2026-09-13",
"puzzle":[
    ["M",0,"U",0,0],
    [0,"K","Q",0,0],
    [0,0,0,0,"O"],
    [0,"X",0,"R",0],
    [0,"R",0,0,"K"]
  ],
"solution":[
    ["M","F","U","C","G"],
    ["O","K","Q","E","D"],
    ["V","G","I","K","O"],
    ["T","X","N","R","B"],
    ["J","R","P","D","K"]
  ]
},
{
"id":"weekly_5x5_2026-09-20",
"date":"2026-09-20",
"puzzle":[
    [0,0,"R",0,"U"],
    [0,"W","L",0,0],
    ["X",0,0,0,0],
    [0,0,0,0,"Y"],
    [0,"Y",0,"N",0]
  ],
"solution":[
    ["E","Q","R","I","U"],
    ["A","W","L","E","T"],
    ["X","P","A","W","S"],
    ["C","B","W","G","Y"],
    ["R","Y","S","N","A"]
  ]
},
{
"id":"weekly_5x5_2026-09-27",
"date":"2026-09-27",
"puzzle":[
    [0,0,0,0,0],
    ["I","S","U","G",0],
    [0,"K","H","R",0],
    [0,0,0,"L",0],
    ["Y",0,"T",0,0]
  ],
"solution":[
    ["X","Q","G","D","O"],
    ["I","S","U","G","E"],
    ["L","K","H","R","B"],
    ["F","A","O","L","S"],
    ["Y","M","T","H","I"]
  ]
},
{
"id":"weekly_5x5_2026-10-04",
"date":"2026-10-04",
"puzzle":[
    [0,"R","A","M",0],
    [0,0,"U",0,0],
    ["G",0,0,"K","C"],
    [0,0,0,0,0],
    [0,0,0,0,"X"]
  ],
"solution":[
    ["Q","R","A","M","H"],
    ["M","V","U","G","D"],
    ["G","Q","J","K","C"],
    ["A","W","T","N","R"],
    ["Y","H","R","T","X"]
  ]
},
{
"id":"weekly_5x5_2026-10-11",
"date":"2026-10-11",
"puzzle":[
    [0,0,"M","R","J"],
    [0,"R",0,"U",0],
    [0,"D",0,0,0],
    [0,0,"W",0,0],
    ["O",0,0,0,"G"]
  ],
"solution":[
    ["A","Q","M","R","J"],
    ["L","R","A","U","T"],
    ["E","D","N","C","M"],
    ["B","J","W","F","L"],
    ["O","K","Y","V","G"]
  ]
},
{
"id":"weekly_5x5_2026-10-18",
"date":"2026-10-18",
"puzzle":[
    ["S",0,"L",0,"H"],
    [0,0,"Q",0,0],
    ["P","K",0,0,0],
    [0,0,0,0,"I"],
    [0,0,"A",0,0]
  ],
"solution":[
    ["S","J","L","W","H"],
    ["E","O","Q","N","R"],
    ["P","K","D","G","V"],
    ["L","R","W","T","I"],
    ["F","Y","A","X","Q"]
  ]
},
{
"id":"weekly_5x5_2026-10-25",
"date":"2026-10-25",
"puzzle":[
    ["C","T",0,"Q",0],
    [0,"J",0,0,0],
    [0,"A",0,0,0],
    ["U","C",0,0,0],
    ["W",0,0,"V",0]
  ],
"solution":[
    ["C","T","P","Q","F"],
    ["R","J","O","B","V"],
    ["F","A","X","D","R"],
    ["U","C","H","X","T"],
    ["W","X","B","V","H"]
  ]
},
{
"id":"weekly_5x5_2026-11-01",
"date":"2026-11-01",
"puzzle":[
    ["M","R",0,0,0],
    [0,"X",0,0,"G"],
    [0,0,"U",0,0],
    ["V","O","M","T",0],
    [0,"F",0,0,0]
  ],
"solution":[
    ["M","R","S","O","W"],
    ["L","X","J","C","G"],
    ["N","T","U","Q","H"],
    ["V","O","M","T","E"],
    ["R","F","Q","A","O"]
  ]
},
{
"id":"weekly_5x5_2026-11-08",
"date":"2026-11-08",
"puzzle":[
    [0,0,"H","V","O"],
    [0,0,0,"Y",0],
    [0,0,0,0,0],
    ["K",0,"B",0,0],
    [0,"E","C","J",0]
  ],
"solution":[
    ["U","Y","H","V","O"],
    ["M","G","Q","Y","R"],
    ["C","M","E","O","D"],
    ["K","W","B","P","G"],
    ["F","E","C","J","L"]
  ]
},
{
"id":"weekly_5x5_2026-11-15",
"date":"2026-11-15",
"puzzle":[
    [0,0,0,"T","D"],
    [0,0,"C",0,"T"],
    [0,"F","O","J","Y"],
    [0,0,0,0,0],
    [0,0,0,0,0]
  ],
"solution":[
    ["P","E","M","T","D"],
    ["J","Y","C","K","T"],
    ["W","F","O","J","Y"],
    ["H","R","J","A","I"],
    ["S","W","I","U","E"]
  ]
},
{
"id":"weekly_5x5_2026-11-22",
"date":"2026-11-22",
"puzzle":[
    ["P",0,0,"U",0],
    [0,0,0,0,0],
    ["O",0,0,"I","F"],
    [0,0,0,0,"S"],
    [0,0,"L","Q","T"]
  ],
"solution":[
    ["P","S","R","U","L"],
    ["I","Q","W","S","G"],
    ["O","X","E","I","F"],
    ["T","J","P","H","S"],
    ["U","E","L","Q","T"]
  ]
},
{
"id":"weekly_5x5_2026-11-29",
"date":"2026-11-29",
"puzzle":[
    [0,"S",0,0,0],
    [0,0,0,"M",0],
    [0,"P",0,0,"T"],
    ["V","H",0,"A",0],
    [0,0,"K",0,"R"]
  ],
"solution":[
    ["I","S","R","C","M"],
    ["K","Y","U","M","O"],
    ["G","P","A","U","T"],
    ["V","H","F","A","L"],
    ["W","O","K","G","R"]
  ]
},
{
"id":"weekly_5x5_2026-12-06",
"date":"2026-12-06",
"puzzle":[
    [0,0,0,0,0],
    ["P",0,0,0,0],
    ["B","D","S",0,0],
    [0,"L",0,"N","B"],
    ["J","R",0,0,0]
  ],
"solution":[
    ["G","Y","W","T","F"],
    ["P","B","F","E","V"],
    ["B","D","S","O","H"],
    ["C","L","U","N","B"],
    ["J","R","A","Y","W"]
  ]
},
{
"id":"weekly_5x5_2026-12-13",
"date":"2026-12-13",
"puzzle":[
    ["D","S","B",0,0],
    [0,0,"J",0,0],
    [0,0,0,0,0],
    [0,0,0,0,"A"],
    [0,"B","C","W",0]
  ],
"solution":[
    ["D","S","B","K","N"],
    ["Y","X","J","D","G"],
    ["L","V","P","C","D"],
    ["U","W","N","E","A"],
    ["X","B","C","W","J"]
  ]
},
{
"id":"weekly_5x5_2026-12-20",
"date":"2026-12-20",
"puzzle":[
    ["W",0,0,0,"G"],
    [0,0,0,"C",0],
    ["I","C",0,0,0],
    [0,0,0,"Q","C"],
    ["O","X",0,"F",0]
  ],
"solution":[
    ["W","O","S","N","G"],
    ["A","T","P","C","L"],
    ["I","C","J","U","B"],
    ["B","V","K","Q","C"],
    ["O","X","E","F","I"]
  ]
},
{
"id":"weekly_5x5_2026-12-27",
"date":"2026-12-27",
"puzzle":[
    ["Y",0,0,0,"P"],
    [0,"K",0,0,0],
    ["O","C",0,0,0],
    ["J",0,"C",0,0],
    [0,"E",0,"J",0]
  ],
"solution":[
    ["Y","O","B","T","P"],
    ["X","K","Q","H","E"],
    ["O","C","D","G","I"],
    ["J","V","C","X","W"],
    ["V","E","R","J","U"]
  ]
},
{
"id":"weekly_5x5_2027-01-03",
"date":"2027-01-03",
"puzzle":[
    [0,"I","J",0,0],
    [0,0,0,"W",0],
    ["F",0,"N","K",0],
    [0,0,0,0,"Q"],
    [0,"V",0,0,0]
  ],
"solution":[
    ["O","I","J","R","H"],
    ["M","L","Y","W","R"],
    ["F","T","N","K","L"],
    ["S","P","K","B","Q"],
    ["J","V","E","P","X"]
  ]
},
{
"id":"weekly_5x5_2027-01-10",
"date":"2027-01-10",
"puzzle":[
    [0,"U",0,0,0],
    [0,"N",0,0,0],
    [0,0,0,0,0],
    ["I","R","D",0,0],
    [0,"F",0,"X","U"]
  ],
"solution":[
    ["E","U","V","L","C"],
    ["C","N","X","T","E"],
    ["G","I","Q","K","O"],
    ["I","R","D","S","H"],
    ["T","F","O","X","U"]
  ]
},
{
"id":"weekly_5x5_2027-01-17",
"date":"2027-01-17",
"puzzle":[
    ["Q",0,0,0,0],
    ["T",0,0,0,0],
    ["M",0,0,"K",0],
    [0,"H",0,0,0],
    ["H","P",0,"B","I"]
  ],
"solution":[
    ["Q","K","U","O","T"],
    ["T","V","O","M","E"],
    ["M","T","P","K","G"],
    ["V","H","C","F","X"],
    ["H","P","D","B","I"]
  ]
},
{
"id":"weekly_5x5_2027-01-24",
"date":"2027-01-24",
"puzzle":[
    ["S",0,"N",0,"L"],
    ["Y",0,"H","A",0],
    [0,"Y","R",0,0],
    [0,0,"O","L",0],
    [0,0,0,0,0]
  ],
"solution":[
    ["S","B","N","W","L"],
    ["Y","P","H","A","I"],
    ["I","Y","R","P","S"],
    ["V","A","O","L","R"],
    ["J","T","F","Q","Y"]
  ]
},
{
"id":"weekly_5x5_2027-01-31",
"date":"2027-01-31",
"puzzle":[
    [0,"N",0,"W",0],
    [0,0,"H",0,0],
    ["P","M",0,"Y",0],
    [0,0,0,0,"E"],
    ["V",0,0,0,0]
  ],
"solution":[
    ["L","N","P","W","U"],
    ["X","K","H","T","W"],
    ["P","M","C","Y","Q"],
    ["Q","O","S","I","E"],
    ["V","L","O","R","D"]
  ]
},
{
"id":"weekly_5x5_2027-02-07",
"date":"2027-02-07",
"puzzle":[
    ["F",0,"M",0,0],
    [0,"M",0,0,0],
    ["M",0,"U",0,0],
    [0,0,0,0,"L"],
    ["N","J",0,"P","U"]
  ],
"solution":[
    ["F","P","M","R","E"],
    ["Q","M","R","I","W"],
    ["M","B","U","Q","I"],
    ["P","S","A","E","L"],
    ["N","J","V","P","U"]
  ]
},
{
"id":"weekly_5x5_2027-02-14",
"date":"2027-02-14",
"puzzle":[
    [0,0,0,0,0],
    ["T","M",0,0,0],
    ["B",0,"V","K","F"],
    [0,0,"C",0,"L"],
    [0,"N","H",0,0]
  ],
"solution":[
    ["K","P","D","B","S"],
    ["T","M","Y","R","K"],
    ["B","H","V","K","F"],
    ["Y","T","C","M","L"],
    ["F","N","H","S","V"]
  ]
},
{
"id":"weekly_5x5_2027-02-21",
"date":"2027-02-21",
"puzzle":[
    ["A",0,0,"P",0],
    [0,0,0,0,0],
    [0,0,0,0,0],
    ["V",0,"F","Y","D"],
    [0,"M","S","R",0]
  ],
"solution":[
    ["A","B","N","P","W"],
    ["Y","I","C","E","H"],
    ["U","R","A","D","M"],
    ["V","A","F","Y","D"],
    ["D","M","S","R","K"]
  ]
},
{
"id":"weekly_5x5_2027-02-28",
"date":"2027-02-28",
"puzzle":[
    [0,0,0,0,0],
    ["U","I",0,0,"L"],
    [0,0,0,0,"H"],
    [0,"E","U",0,"A"],
    [0,"F",0,0,0]
  ],
"solution":[
    ["D","G","I","X","F"],
    ["U","I","J","M","L"],
    ["W","J","L","B","H"],
    ["B","E","U","D","A"],
    ["K","F","A","L","N"]
  ]
},
{
"id":"weekly_5x5_2027-03-07",
"date":"2027-03-07",
"puzzle":[
    [0,0,0,0,"Y"],
    ["I",0,"B",0,"S"],
    ["E","V",0,0,0],
    [0,0,0,"T","N"],
    [0,"K",0,"Y",0]
  ],
"solution":[
    ["B","S","L","W","Y"],
    ["I","D","B","X","S"],
    ["E","V","Y","R","I"],
    ["M","W","P","T","N"],
    ["C","K","Q","Y","G"]
  ]
},
{
"id":"weekly_5x5_2027-03-14",
"date":"2027-03-14",
"puzzle":[
    ["J",0,0,0,0],
    ["X",0,"V",0,0],
    ["E","A","K",0,"W"],
    [0,0,"W",0,0],
    [0,0,0,0,0]
  ],
"solution":[
    ["J","T","I","Q","O"],
    ["X","I","V","P","N"],
    ["E","A","K","H","W"],
    ["M","X","W","I","B"],
    ["B","V","X","W","J"]
  ]
},
{
"id":"weekly_5x5_2027-03-21",
"date":"2027-03-21",
"puzzle":[
    ["I","N",0,0,"T"],
    [0,"D",0,"P",0],
    [0,0,0,0,0],
    [0,"U",0,0,0],
    ["S","B","U","M",0]
  ],
"solution":[
    ["I","N","P","W","T"],
    ["W","D","E","P","C"],
    ["R","K","A","U","L"],
    ["F","U","I","Y","S"],
    ["S","B","U","M","N"]
  ]
},
{
"id":"weekly_5x5_2027-03-28",
"date":"2027-03-28",
"puzzle":[
    ["Q",0,0,0,"F"],
    ["J",0,0,0,0],
    ["G",0,0,0,0],
    [0,"T",0,0,"O"],
    [0,0,"S","E",0]
  ],
"solution":[
    ["Q","M","P","G","F"],
    ["J","Y","H","S","T"],
    ["G","E","L","H","J"],
    ["V","T","N","X","O"],
    ["C","D","S","E","U"]
  ]
},
{
"id":"weekly_5x5_2027-04-04",
"date":"2027-04-04",
"puzzle":[
    [0,0,0,0,"B"],
    [0,0,"Y",0,"N"],
    [0,"V",0,0,0],
    ["S",0,0,"I","Y"],
    ["P","D",0,"V",0]
  ],
"solution":[
    ["D","X","L","A","B"],
    ["T","R","Y","H","N"],
    ["J","V","U","C","A"],
    ["S","L","K","I","Y"],
    ["P","D","G","V","F"]
  ]
},
{
"id":"weekly_5x5_2027-04-11",
"date":"2027-04-11",
"puzzle":[
    [0,0,0,0,0],
    [0,0,"M","R",0],
    [0,0,"T",0,"B"],
    ["H",0,"V",0,0],
    [0,0,"B",0,"W"]
  ],
"solution":[
    ["Q","H","R","S","J"],
    ["E","O","M","R","Y"],
    ["F","E","T","P","B"],
    ["H","R","V","G","T"],
    ["R","X","B","Q","W"]
  ]
},
{
"id":"weekly_5x5_2027-04-18",
"date":"2027-04-18",
"puzzle":[
    [0,"E","F","S",0],
    ["V","I",0,"B",0],
    [0,0,"I",0,0],
    [0,"X",0,"M",0],
    [0,0,"X",0,0]
  ],
"solution":[
    ["Y","E","F","S","Q"],
    ["V","I","L","B","D"],
    ["S","A","I","U","L"],
    ["I","X","D","M","J"],
    ["E","V","X","Q","A"]
  ]
},
{
"id":"weekly_5x5_2027-04-25",
"date":"2027-04-25",
"puzzle":[
    ["U",0,0,0,0],
    [0,0,0,0,"A"],
    ["R",0,"A",0,0],
    ["E","G",0,0,0],
    ["S","Y",0,"H",0]
  ],
"solution":[
    ["U","T","O","Q","J"],
    ["Y","R","G","U","A"],
    ["R","U","A","T","Q"],
    ["E","G","I","Y","S"],
    ["S","Y","Q","H","E"]
  ]
},
{
"id":"weekly_5x5_2027-05-02",
"date":"2027-05-02",
"puzzle":[
    ["B",0,"T","E",0],
    ["W",0,"X",0,0],
    [0,"N",0,0,0],
    [0,0,"S",0,0],
    [0,"Q",0,0,"B"]
  ],
"solution":[
    ["B","S","T","E","I"],
    ["W","U","X","I","O"],
    ["S","N","Q","V","E"],
    ["M","C","S","L","X"],
    ["H","Q","Y","T","B"]
  ]
},
{
"id":"weekly_5x5_2027-05-09",
"date":"2027-05-09",
"puzzle":[
    ["M",0,"W",0,0],
    ["L",0,"O","D",0],
    [0,0,0,"V","G"],
    [0,"B",0,0,0],
    [0,0,0,"E",0]
  ],
"solution":[
    ["M","J","W","F","H"],
    ["L","K","O","D","P"],
    ["A","C","H","V","G"],
    ["J","B","S","L","M"],
    ["X","Q","Y","E","J"]
  ]
},
{
"id":"weekly_5x5_2027-05-16",
"date":"2027-05-16",
"puzzle":[
    [0,0,"S","G",0],
    [0,"A","C",0,"F"],
    [0,0,0,0,"J"],
    [0,0,0,0,"T"],
    [0,0,0,"O",0]
  ],
"solution":[
    ["B","H","S","G","O"],
    ["X","A","C","P","F"],
    ["R","Y","O","H","J"],
    ["A","X","R","U","T"],
    ["J","R","X","O","D"]
  ]
},
{
"id":"weekly_5x5_2027-05-23",
"date":"2027-05-23",
"puzzle":[
    [0,0,0,"W","N"],
    [0,0,0,0,0],
    ["S",0,0,0,"G"],
    [0,"U",0,"N","B"],
    [0,0,"A",0,"F"]
  ],
"solution":[
    ["J","S","U","W","N"],
    ["C","R","W","E","V"],
    ["S","Y","K","M","G"],
    ["O","U","V","N","B"],
    ["H","G","A","I","F"]
  ]
},
{
"id":"weekly_5x5_2027-05-30",
"date":"2027-05-30",
"puzzle":[
    [0,0,0,0,"R"],
    ["H",0,"N",0,0],
    ["C",0,"T","P",0],
    [0,"W",0,"Y",0],
    [0,0,0,0,"H"]
  ],
"solution":[
    ["D","J","M","N","R"],
    ["H","L","N","D","X"],
    ["C","D","T","P","V"],
    ["R","W","D","Y","F"],
    ["G","C","U","M","H"]
  ]
},
{
"id":"weekly_5x5_2027-06-06",
"date":"2027-06-06",
"puzzle":[
    ["Q",0,0,0,0],
    [0,0,0,0,0],
    ["I",0,0,0,"R"],
    [0,"O",0,0,"I"],
    [0,"Y",0,"T","J"]
  ],
"solution":[
    ["Q","R","S","Y","N"],
    ["J","N","I","A","G"],
    ["I","V","F","N","R"],
    ["X","O","R","B","I"],
    ["P","Y","Q","T","J"]
  ]
},
{
"id":"weekly_5x5_2027-06-13",
"date":"2027-06-13",
"puzzle":[
    [0,"L","H",0,"B"],
    [0,0,0,0,0],
    ["Q",0,0,0,0],
    ["L","M",0,0,"D"],
    ["W",0,"I","A",0]
  ],
"solution":[
    ["F","L","H","E","B"],
    ["T","G","M","J","S"],
    ["Q","W","X","C","L"],
    ["L","M","B","U","D"],
    ["W","U","I","A","P"]
  ]
},
{
"id":"weekly_5x5_2027-06-20",
"date":"2027-06-20",
"puzzle":[
    [0,"W",0,0,0],
    ["J",0,0,"E",0],
    ["K","S",0,0,0],
    [0,0,"Y",0,0],
    [0,"L",0,"J","M"]
  ],
"solution":[
    ["C","W","L","P","D"],
    ["J","T","H","E","C"],
    ["K","S","J","R","X"],
    ["A","C","Y","F","H"],
    ["V","L","F","J","M"]
  ]
},
{
"id":"weekly_5x5_2027-06-27",
"date":"2027-06-27",
"puzzle":[
    [0,0,0,0,0],
    [0,"I",0,0,"K"],
    [0,"Q",0,"D","J"],
    [0,0,0,"Q",0],
    ["I",0,"J","X",0]
  ],
"solution":[
    ["A","K","W","Y","N"],
    ["B","I","Q","A","K"],
    ["M","Q","B","D","J"],
    ["O","C","I","Q","V"],
    ["I","N","J","X","P"]
  ]
},
{
"id":"weekly_5x5_2027-07-04",
"date":"2027-07-04",
"puzzle":[
    ["G",0,0,0,0],
    ["V","Q",0,0,"P"],
    [0,"U",0,"V","K"],
    [0,0,0,0,0],
    [0,0,0,"I","G"]
  ],
"solution":[
    ["G","F","Y","M","X"],
    ["V","Q","B","T","P"],
    ["A","U","J","V","K"],
    ["Y","A","S","N","R"],
    ["M","C","T","I","G"]
  ]
},
{
"id":"weekly_5x5_2027-07-11",
"date":"2027-07-11",
"puzzle":[
    [0,"L",0,0,0],
    [0,0,0,"M","U"],
    ["L","G","K","X","B"],
    [0,0,"U",0,0],
    [0,0,0,0,"C"]
  ],
"solution":[
    ["R","L","M","U","F"],
    ["I","A","D","M","U"],
    ["L","G","K","X","B"],
    ["F","S","U","H","I"],
    ["N","B","A","K","C"]
  ]
},
{
"id":"weekly_5x5_2027-07-18",
"date":"2027-07-18",
"puzzle":[
    [0,0,0,0,0],
    [0,0,0,"B",0],
    [0,0,0,0,"N"],
    ["J",0,0,"Q","G"],
    ["L",0,"K","R","B"]
  ],
"solution":[
    ["G","A","Y","C","D"],
    ["T","H","X","B","M"],
    ["Q","Y","O","I","N"],
    ["J","F","M","Q","G"],
    ["L","I","K","R","B"]
  ]
},
{
"id":"weekly_5x5_2027-07-25",
"date":"2027-07-25",
"puzzle":[
    [0,"I","V","Q",0],
    [0,0,0,"F","E"],
    [0,0,0,"V","T"],
    [0,0,0,0,0],
    ["M","F",0,0,"A"]
  ],
"solution":[
    ["X","I","V","Q","D"],
    ["U","V","M","F","E"],
    ["S","D","U","V","T"],
    ["Q","P","A","R","I"],
    ["M","F","S","L","A"]
  ]
},
{
"id":"weekly_5x5_2027-08-01",
"date":"2027-08-01",
"puzzle":[
    [0,0,0,"O",0],
    ["F",0,"E","S","M"],
    [0,"B",0,0,0],
    [0,0,0,"I",0],
    ["C",0,0,0,0]
  ],
"solution":[
    ["W","X","N","O","H"],
    ["F","W","E","S","M"],
    ["O","B","M","A","F"],
    ["K","F","L","I","N"],
    ["C","U","T","V","W"]
  ]
},
{
"id":"weekly_5x5_2027-08-08",
"date":"2027-08-08",
"puzzle":[
    [0,0,0,"R","Y"],
    ["O",0,"R","C",0],
    ["V",0,0,"Y",0],
    ["W",0,0,0,0],
    ["N","T",0,0,0]
  ],
"solution":[
    ["A","X","K","R","Y"],
    ["O","S","R","C","E"],
    ["V","G","C","Y","A"],
    ["W","N","M","U","J"],
    ["N","T","A","S","D"]
  ]
},
{
"id":"weekly_5x5_2027-08-15",
"date":"2027-08-15",
"puzzle":[
    ["F",0,0,0,0],
    [0,"H",0,0,0],
    ["R",0,"O","X",0],
    ["U",0,0,"W","A"],
    [0,0,0,0,0]
  ],
"solution":[
    ["F","X","J","A","O"],
    ["X","H","R","U","G"],
    ["R","M","O","X","E"],
    ["U","V","T","W","A"],
    ["Q","S","A","F","P"]
  ]
},
{
"id":"weekly_5x5_2027-08-22",
"date":"2027-08-22",
"puzzle":[
    ["A",0,0,0,0],
    [0,0,"R",0,"Q"],
    [0,0,"V",0,"H"],
    [0,"S",0,"W",0],
    [0,0,0,"F",0]
  ],
"solution":[
    ["A","J","C","U","X"],
    ["E","V","R","O","Q"],
    ["D","Y","V","L","H"],
    ["X","S","E","W","M"],
    ["R","X","Y","F","S"]
  ]
},
{
"id":"weekly_5x5_2027-08-29",
"date":"2027-08-29",
"puzzle":[
    [0,0,0,"S",0],
    [0,"U","G",0,"A"],
    ["J","K",0,0,0],
    [0,0,0,0,"T"],
    ["G",0,0,"U","D"]
  ],
"solution":[
    ["L","E","U","S","G"],
    ["N","U","G","E","A"],
    ["J","K","E","T","Q"],
    ["B","Q","I","V","T"],
    ["G","W","L","U","D"]
  ]
},
{
"id":"weekly_5x5_2027-09-05",
"date":"2027-09-05",
"puzzle":[
    [0,"W",0,0,0],
    [0,"V",0,"G","T"],
    [0,0,"N",0,0],
    [0,0,"O",0,0],
    ["F",0,"U",0,0]
  ],
"solution":[
    ["R","W","H","M","C"],
    ["X","V","I","G","T"],
    ["V","R","N","E","W"],
    ["D","H","O","T","M"],
    ["F","Q","U","B","A"]
  ]
},
{
"id":"weekly_5x5_2027-09-12",
"date":"2027-09-12",
"puzzle":[
    [0,0,0,0,0],
    ["R",0,0,0,0],
    ["J",0,0,"N",0],
    ["G","A","D",0,"P"],
    [0,"R","S",0,0]
  ],
"solution":[
    ["E","F","V","K","B"],
    ["R","U","I","G","M"],
    ["J","Y","B","N","R"],
    ["G","A","D","Q","P"],
    ["I","R","S","A","V"]
  ]
},
{
"id":"weekly_5x5_2027-09-19",
"date":"2027-09-19",
"puzzle":[
    ["X",0,"T",0,"S"],
    ["A","J","D",0,0],
    ["J",0,0,0,0],
    [0,0,0,0,0],
    [0,0,"P",0,0]
  ],
"solution":[
    ["X","H","T","F","S"],
    ["A","J","D","Q","X"],
    ["J","R","N","V","L"],
    ["L","X","J","R","W"],
    ["O","G","P","D","Y"]
  ]
},
{
"id":"weekly_5x5_2027-09-26",
"date":"2027-09-26",
"puzzle":[
    ["A",0,"K",0,0],
    ["L",0,0,0,0],
    ["V",0,0,0,"C"],
    ["G",0,0,0,0],
    [0,0,"L",0,"F"]
  ],
"solution":[
    ["A","S","K","N","U"],
    ["L","T","O","F","G"],
    ["V","Q","P","B","C"],
    ["G","X","C","V","W"],
    ["R","J","L","Y","F"]
  ]
},
{
"id":"weekly_5x5_2027-10-03",
"date":"2027-10-03",
"puzzle":[
    ["D",0,0,"G",0],
    [0,0,"P",0,0],
    [0,0,0,"I",0],
    [0,"O",0,0,"N"],
    [0,"R","K",0,0]
  ],
"solution":[
    ["D","T","Q","G","F"],
    ["C","I","P","U","E"],
    ["R","C","J","I","L"],
    ["X","O","A","Q","N"],
    ["B","R","K","V","S"]
  ]
},
{
"id":"weekly_5x5_2027-10-10",
"date":"2027-10-10",
"puzzle":[
    [0,0,0,"R","T"],
    [0,0,"Q",0,"R"],
    ["H",0,0,0,0],
    ["R","P",0,"V",0],
    ["F",0,"D",0,0]
  ],
"solution":[
    ["W","M","C","R","T"],
    ["U","E","Q","C","R"],
    ["H","U","X","O","V"],
    ["R","P","W","V","M"],
    ["F","K","D","J","P"]
  ]
},
{
"id":"weekly_5x5_2027-10-17",
"date":"2027-10-17",
"puzzle":[
    [0,0,0,0,0],
    ["E","W",0,0,0],
    [0,"C",0,"E","K"],
    ["U",0,"H",0,"V"],
    ["K",0,0,"G",0]
  ],
"solution":[
    ["Q","M","U","R","T"],
    ["E","W","Q","A","F"],
    ["P","C","J","E","K"],
    ["U","J","H","T","V"],
    ["K","L","E","G","B"]
  ]
},
{
"id":"weekly_5x5_2027-10-24",
"date":"2027-10-24",
"puzzle":[
    [0,"P","T",0,"H"],
    ["S",0,0,0,0],
    [0,0,"L","Y","O"],
    ["E","U",0,"W",0],
    [0,0,0,0,0]
  ],
"solution":[
    ["X","P","T","U","H"],
    ["S","E","C","O","A"],
    ["C","W","L","Y","O"],
    ["E","U","X","W","G"],
    ["T","G","I","J","N"]
  ]
},
{
"id":"weekly_5x5_2027-10-31",
"date":"2027-10-31",
"puzzle":[
    ["Q",0,0,0,0],
    [0,"D",0,0,0],
    ["D","S","X","F",0],
    [0,0,"M",0,"G"],
    ["P",0,"H",0,0]
  ],
"solution":[
    ["Q","O","Y","D","L"],
    ["T","D","Q","V","A"],
    ["D","S","X","F","H"],
    ["I","Q","M","R","G"],
    ["P","J","H","A","I"]
  ]
},
{
"id":"weekly_5x5_2027-11-07",
"date":"2027-11-07",
"puzzle":[
    ["P",0,0,0,0],
    [0,0,0,"S","D"],
    ["C",0,"G",0,0],
    ["G","E",0,0,0],
    ["A",0,0,"R",0]
  ],
"solution":[
    ["P","Q","X","H","W"],
    ["T","I","K","S","D"],
    ["C","B","G","Q","L"],
    ["G","E","O","A","M"],
    ["A","L","D","R","V"]
  ]
},
{
"id":"weekly_5x5_2027-11-14",
"date":"2027-11-14",
"puzzle":[
    [0,0,"E","A",0],
    [0,0,"H",0,0],
    ["L","T",0,0,"D"],
    ["D",0,"U","O",0],
    [0,0,0,"M",0]
  ],
"solution":[
    ["Y","X","E","A","K"],
    ["I","U","H","X","G"],
    ["L","T","O","K","D"],
    ["D","M","U","O","P"],
    ["W","B","V","M","L"]
  ]
},
{
"id":"weekly_5x5_2027-11-21",
"date":"2027-11-21",
"puzzle":[
    [0,0,"D",0,"E"],
    ["J",0,0,0,"X"],
    ["M",0,0,0,0],
    [0,0,0,0,"G"],
    ["W","D","G",0,0]
  ],
"solution":[
    ["L","M","D","O","E"],
    ["J","O","Y","C","X"],
    ["M","T","C","H","A"],
    ["T","L","S","J","G"],
    ["W","D","G","E","K"]
  ]
},
{
"id":"weekly_5x5_2027-11-28",
"date":"2027-11-28",
"puzzle":[
    ["S",0,0,"B","T"],
    ["K",0,0,0,"H"],
    ["U",0,0,"R",0],
    ["C",0,0,0,0],
    [0,"Q",0,"T",0]
  ],
"solution":[
    ["S","G","Y","B","T"],
    ["K","O","B","W","H"],
    ["U","E","V","R","L"],
    ["C","N","F","L","V"],
    ["O","Q","S","T","F"]
  ]
},
{
"id":"weekly_5x5_2027-12-05",
"date":"2027-12-05",
"puzzle":[
    [0,0,0,"B","F"],
    [0,"B","U",0,"Q"],
    [0,0,"N","Q",0],
    ["Y",0,0,"F",0],
    [0,0,0,0,0]
  ],
"solution":[
    ["T","P","E","B","F"],
    ["P","B","U","H","Q"],
    ["B","R","N","Q","E"],
    ["Y","V","A","F","G"],
    ["F","H","V","C","P"]
  ]
},
{
"id":"weekly_5x5_2027-12-12",
"date":"2027-12-12",
"puzzle":[
    [0,"P",0,0,"T"],
    ["P",0,"J",0,0],
    ["S","C","T","A",0],
    [0,0,0,0,0],
    [0,0,0,0,"Q"]
  ],
"solution":[
    ["F","P","A","M","T"],
    ["P","M","J","L","N"],
    ["S","C","T","A","R"],
    ["W","T","M","P","U"],
    ["R","S","L","I","Q"]
  ]
},
{
"id":"weekly_5x5_2027-12-19",
"date":"2027-12-19",
"puzzle":[
    [0,"A","B",0,0],
    [0,0,"Q","C",0],
    ["A",0,"H","W",0],
    ["C","H",0,0,0],
    [0,0,0,0,0]
  ],
"solution":[
    ["T","A","B","Y","C"],
    ["W","J","Q","C","Y"],
    ["A","O","H","W","I"],
    ["C","H","F","J","A"],
    ["X","W","M","G","Q"]
  ]
},
{
"id":"weekly_5x5_2027-12-26",
"date":"2027-12-26",
"puzzle":[
    ["W",0,0,0,"J"],
    ["H",0,0,0,"S"],
    [0,"Q",0,"O","A"],
    [0,0,0,0,0],
    [0,"W",0,"D","U"]
  ],
"solution":[
    ["W","Y","G","E","J"],
    ["H","O","Q","X","S"],
    ["S","Q","P","O","A"],
    ["A","V","W","M","I"],
    ["L","W","F","D","U"]
  ]
},
{
"id":"weekly_5x5_2028-01-02",
"date":"2028-01-02",
"puzzle":[
    ["Y","G",0,0,"C"],
    [0,0,"M",0,0],
    [0,0,"V",0,0],
    [0,"K",0,0,"F"],
    ["K",0,0,"F",0]
  ],
"solution":[
    ["Y","G","P","U","C"],
    ["X","A","M","J","D"],
    ["H","N","V","G","S"],
    ["B","K","C","P","F"],
    ["K","E","U","F","B"]
  ]
},
{
"id":"weekly_5x5_2028-01-09",
"date":"2028-01-09",
"puzzle":[
    ["S","E","F",0,0],
    [0,0,0,0,"R"],
    [0,0,0,0,"Q"],
    ["O","T",0,0,"D"],
    [0,0,"D","E",0]
  ],
"solution":[
    ["S","E","F","N","X"],
    ["D","K","N","A","R"],
    ["U","C","K","J","Q"],
    ["O","T","V","R","D"],
    ["F","L","D","E","K"]
  ]
},
{
"id":"weekly_5x5_2028-01-16",
"date":"2028-01-16",
"puzzle":[
    [0,0,0,0,"C"],
    [0,0,"E","F",0],
    [0,0,"D",0,"R"],
    [0,"I","Y",0,0],
    [0,0,"L",0,0]
  ],
"solution":[
    ["F","L","M","R","C"],
    ["A","U","E","F","P"],
    ["N","X","D","M","R"],
    ["U","I","Y","W","A"],
    ["B","R","L","D","X"]
  ]
},
{
"id":"weekly_5x5_2028-01-23",
"date":"2028-01-23",
"puzzle":[
    [0,0,"J",0,"M"],
    [0,0,0,0,"D"],
    ["L","O",0,0,0],
    ["U","N",0,0,0],
    ["A",0,"H","X",0]
  ],
"solution":[
    ["R","A","J","P","M"],
    ["Q","Y","S","V","D"],
    ["L","O","X","F","Q"],
    ["U","N","W","D","J"],
    ["A","F","H","X","V"]
  ]
},
{
"id":"weekly_5x5_2028-01-30",
"date":"2028-01-30",
"puzzle":[
    ["G","S","Y",0,0],
    [0,0,0,0,0],
    [0,"G",0,0,0],
    ["A",0,0,0,"F"],
    [0,"K",0,0,"W"]
  ],
"solution":[
    ["G","S","Y","C","B"],
    ["I","L","G","S","U"],
    ["F","G","O","M","S"],
    ["A","U","K","H","F"],
    ["B","K","M","N","W"]
  ]
},
{
"id":"weekly_5x5_2028-02-06",
"date":"2028-02-06",
"puzzle":[
    [0,0,"O",0,0],
    ["T",0,"C",0,0],
    [0,"O",0,0,0],
    [0,0,0,"X",0],
    ["O","U","J","S",0]
  ],
"solution":[
    ["F","I","O","B","T"],
    ["T","S","C","O","F"],
    ["I","O","R","Y","P"],
    ["V","P","G","X","W"],
    ["O","U","J","S","G"]
  ]
},
{
"id":"weekly_5x5_2028-02-13",
"date":"2028-02-13",
"puzzle":[
    [0,"Y",0,"A","P"],
    ["Q",0,0,0,"D"],
    [0,0,"B",0,0],
    ["D","M","T",0,0],
    [0,0,0,0,"G"]
  ],
"solution":[
    ["B","Y","S","A","P"],
    ["Q","U","I","J","D"],
    ["E","F","B","R","A"],
    ["D","M","T","Q","F"],
    ["P","C","U","H","G"]
  ]
},
{
"id":"weekly_5x5_2028-02-20",
"date":"2028-02-20",
"puzzle":[
    [0,0,0,"I",0],
    [0,0,0,0,0],
    ["J",0,"Y",0,0],
    ["I",0,"S",0,"F"],
    ["Y",0,0,0,"C"]
  ],
"solution":[
    ["U","K","R","I","L"],
    ["Q","P","O","L","J"],
    ["J","L","Y","P","O"],
    ["I","N","S","W","F"],
    ["Y","X","J","D","C"]
  ]
},
{
"id":"weekly_5x5_2028-02-27",
"date":"2028-02-27",
"puzzle":[
    [0,"H",0,0,0],
    ["I",0,0,"U","Q"],
    ["C",0,0,0,0],
    ["X",0,"O",0,"W"],
    [0,0,"R","W",0]
  ],
"solution":[
    ["U","H","I","G","D"],
    ["I","C","G","U","Q"],
    ["C","D","B","H","O"],
    ["X","P","O","A","W"],
    ["L","X","R","W","K"]
  ]
},
{
"id":"weekly_5x5_2028-03-05",
"date":"2028-03-05",
"puzzle":[
    [0,0,0,0,0],
    [0,0,"Q","H","A"],
    [0,0,"M",0,0],
    ["B",0,0,0,"G"],
    [0,"F","R",0,"D"]
  ],
"solution":[
    ["F","U","V","O","L"],
    ["E","V","Q","H","A"],
    ["D","G","M","R","O"],
    ["B","J","C","E","G"],
    ["U","F","R","L","D"]
  ]
},
{
"id":"weekly_5x5_2028-03-12",
"date":"2028-03-12",
"puzzle":[
    [0,"N",0,0,0],
    ["N","L",0,"R",0],
    ["V","S",0,0,0],
    [0,0,"Y",0,0],
    [0,"G",0,0,"B"]
  ],
"solution":[
    ["W","N","Q","U","X"],
    ["N","L","M","R","O"],
    ["V","S","T","G","C"],
    ["F","R","Y","J","M"],
    ["J","G","H","F","B"]
  ]
},
{
"id":"weekly_5x5_2028-03-19",
"date":"2028-03-19",
"puzzle":[
    ["H",0,0,0,0],
    [0,0,0,0,0],
    ["R","D",0,0,"E"],
    [0,0,0,"R",0],
    [0,"O",0,"W","I"]
  ],
"solution":[
    ["H","Q","F","X","U"],
    ["F","X","V","L","H"],
    ["R","D","M","U","E"],
    ["D","L","N","R","J"],
    ["E","O","A","W","I"]
  ]
},
{
"id":"weekly_5x5_2028-03-26",
"date":"2028-03-26",
"puzzle":[
    [0,0,0,0,"K"],
    [0,"D","H",0,0],
    [0,0,0,"O",0],
    ["Y",0,0,"E","P"],
    [0,"H",0,0,0]
  ],
"solution":[
    ["X","G","J","W","K"],
    ["J","D","H","C","A"],
    ["A","Q","Y","O","L"],
    ["Y","W","S","E","P"],
    ["M","H","U","J","C"]
  ]
},
{
"id":"weekly_5x5_2028-04-02",
"date":"2028-04-02",
"puzzle":[
    ["H",0,0,0,"I"],
    [0,0,0,0,0],
    [0,"A","R",0,"B"],
    [0,0,0,0,"U"],
    [0,"L","D",0,0]
  ],
"solution":[
    ["H","D","U","C","I"],
    ["Y","Q","O","K","V"],
    ["F","A","R","L","B"],
    ["A","V","S","B","U"],
    ["E","L","D","S","K"]
  ]
},
{
"id":"weekly_5x5_2028-04-09",
"date":"2028-04-09",
"puzzle":[
    [0,0,0,0,"H"],
    [0,0,0,"L","Y"],
    ["G","V",0,"R","K"],
    ["F",0,0,0,0],
    ["X",0,0,0,0]
  ],
"solution":[
    ["L","N","C","V","H"],
    ["H","B","E","L","Y"],
    ["G","V","I","R","K"],
    ["F","M","G","H","W"],
    ["X","P","T","G","D"]
  ]
},
{
"id":"weekly_5x5_2028-04-16",
"date":"2028-04-16",
"puzzle":[
    [0,0,0,"V",0],
    [0,0,"A",0,"M"],
    ["L",0,"B",0,0],
    [0,0,"K",0,0],
    ["Y","A",0,"R","V"]
  ],
"solution":[
    ["B","O","C","V","E"],
    ["E","H","A","D","M"],
    ["L","C","B","U","Y"],
    ["I","X","K","P","B"],
    ["Y","A","D","R","V"]
  ]
},
{
"id":"weekly_5x5_2028-04-23",
"date":"2028-04-23",
"puzzle":[
    [0,0,"E","F",0],
    [0,"N","R",0,0],
    [0,0,"K","H","F"],
    ["N",0,0,"L",0],
    [0,0,"L",0,0]
  ],
"solution":[
    ["L","T","E","F","M"],
    ["Q","N","R","W","Y"],
    ["B","S","K","H","F"],
    ["N","J","I","L","W"],
    ["A","H","L","M","I"]
  ]
},
{
"id":"weekly_5x5_2028-04-30",
"date":"2028-04-30",
"puzzle":[
    ["W",0,0,0,0],
    ["A","E",0,0,0],
    ["V",0,0,0,0],
    ["P",0,"L",0,0],
    ["L",0,"C",0,"F"]
  ],
"solution":[
    ["W","C","X","U","G"],
    ["A","E","V","T","Q"],
    ["V","A","H","D","U"],
    ["P","B","L","S","A"],
    ["L","Q","C","H","F"]
  ]
},
{
"id":"weekly_5x5_2028-05-07",
"date":"2028-05-07",
"puzzle":[
    [0,0,"B","V",0],
    [0,0,"G","Q","N"],
    ["R",0,0,0,0],
    [0,0,0,"U",0],
    [0,0,0,"W",0]
  ],
"solution":[
    ["A","X","B","V","D"],
    ["L","J","G","Q","N"],
    ["R","T","Q","D","L"],
    ["W","Q","I","U","M"],
    ["M","F","P","W","Q"]
  ]
},
{
"id":"weekly_5x5_2028-05-14",
"date":"2028-05-14",
"puzzle":[
    [0,"V","C","X",0],
    [0,"N","I","P",0],
    [0,"P","M",0,0],
    [0,0,0,0,0],
    [0,0,0,0,"S"]
  ],
"solution":[
    ["Y","V","C","X","R"],
    ["E","N","I","P","H"],
    ["V","P","M","U","K"],
    ["Q","J","H","I","L"],
    ["F","R","P","T","S"]
  ]
},
{
"id":"weekly_5x5_2028-05-21",
"date":"2028-05-21",
"puzzle":[
    [0,"N","B",0,0],
    [0,"B","N","K",0],
    [0,"P",0,0,0],
    ["B",0,0,0,0],
    [0,"L",0,"P",0]
  ],
"solution":[
    ["F","N","B","T","W"],
    ["D","B","N","K","F"],
    ["U","P","C","Q","K"],
    ["B","J","I","L","T"],
    ["E","L","O","P","G"]
  ]
},
{
"id":"weekly_5x5_2028-05-28",
"date":"2028-05-28",
"puzzle":[
    ["E",0,0,"Q",0],
    [0,0,0,"D",0],
    [0,"Y",0,0,0],
    [0,"H","G","C","I"],
    ["P",0,0,0,"U"]
  ],
"solution":[
    ["E","K","O","Q","M"],
    ["W","E","N","D","A"],
    ["N","Y","S","I","G"],
    ["V","H","G","C","I"],
    ["P","D","B","R","U"]
  ]
},
{
"id":"weekly_5x5_2028-06-04",
"date":"2028-06-04",
"puzzle":[
    [0,"B",0,"Y",0],
    ["H","O","B",0,0],
    [0,"R","V","O",0],
    [0,0,0,"X",0],
    [0,"L",0,0,0]
  ],
"solution":[
    ["V","B","P","Y","G"],
    ["H","O","B","G","C"],
    ["M","R","V","O","S"],
    ["K","H","I","X","D"],
    ["C","L","O","S","R"]
  ]
},
{
"id":"weekly_5x5_2028-06-11",
"date":"2028-06-11",
"puzzle":[
    ["K",0,0,0,0],
    [0,"Q","T",0,"P"],
    [0,0,0,0,0],
    [0,0,"Y","N","X"],
    [0,0,"K","U",0]
  ],
"solution":[
    ["K","B","H","T","A"],
    ["H","Q","T","S","P"],
    ["G","A","R","K","E"],
    ["W","T","Y","N","X"],
    ["T","M","K","U","J"]
  ]
},
{
"id":"weekly_5x5_2028-06-18",
"date":"2028-06-18",
"puzzle":[
    ["Q",0,0,0,"X"],
    ["O",0,"X",0,0],
    [0,0,0,0,"A"],
    ["M",0,"T",0,0],
    [0,0,"E","K",0]
  ],
"solution":[
    ["Q","P","Y","B","X"],
    ["O","T","X","S","E"],
    ["R","Y","J","Q","A"],
    ["M","H","T","V","Q"],
    ["U","V","E","K","D"]
  ]
},
{
"id":"weekly_5x5_2028-06-25",
"date":"2028-06-25",
"puzzle":[
    [0,0,0,0,"S"],
    [0,0,0,0,0],
    [0,"U","I","E","T"],
    ["T","C",0,"V",0],
    [0,0,0,0,0]
  ],
"solution":[
    ["R","O","D","A","S"],
    ["J","X","T","F","K"],
    ["P","U","I","E","T"],
    ["T","C","G","V","A"],
    ["W","J","V","G","Q"]
  ]
},
{
"id":"weekly_5x5_2028-07-02",
"date":"2028-07-02",
"puzzle":[
    [0,0,"B",0,"D"],
    [0,0,0,0,0],
    ["D",0,"V",0,0],
    ["S","N",0,"W",0],
    [0,"B",0,0,0]
  ],
"solution":[
    ["O","J","B","Y","D"],
    ["X","P","C","B","L"],
    ["D","H","V","L","P"],
    ["S","N","Q","W","M"],
    ["W","B","T","G","R"]
  ]
},
{
"id":"weekly_5x5_2028-07-09",
"date":"2028-07-09",
"puzzle":[
    [0,"H",0,0,"P"],
    [0,0,0,0,"H"],
    [0,0,"A",0,"O"],
    ["V",0,0,0,0],
    ["D",0,0,0,"N"]
  ],
"solution":[
    ["E","H","B","X","P"],
    ["W","V","Q","M","H"],
    ["I","R","A","U","O"],
    ["V","E","C","R","D"],
    ["D","F","Y","K","N"]
  ]
},
{
"id":"weekly_5x5_2028-07-16",
"date":"2028-07-16",
"puzzle":[
    ["H","I",0,0,"Q"],
    [0,0,"J","N",0],
    ["S",0,0,0,0],
    [0,"V","H",0,0],
    ["R","O",0,0,0]
  ],
"solution":[
    ["H","I","M","T","Q"],
    ["C","U","J","N","L"],
    ["S","F","I","J","U"],
    ["K","V","H","G","A"],
    ["R","O","C","A","J"]
  ]
},
{
"id":"weekly_5x5_2028-07-23",
"date":"2028-07-23",
"puzzle":[
    [0,"V","W",0,"L"],
    [0,0,0,0,0],
    ["I","Q","G",0,"J"],
    [0,0,0,0,0],
    [0,"P","I","F",0]
  ],
"solution":[
    ["S","V","W","B","L"],
    ["W","S","P","G","H"],
    ["I","Q","G","R","J"],
    ["K","W","T","Q","S"],
    ["E","P","I","F","V"]
  ]
},
{
"id":"weekly_5x5_2028-07-30",
"date":"2028-07-30",
"puzzle":[
    [0,"F",0,0,0],
    ["L",0,0,0,0],
    [0,"H","L",0,0],
    ["F","Q",0,0,"X"],
    [0,0,"U","N",0]
  ],
"solution":[
    ["M","F","J","S","R"],
    ["L","Y","A","J","F"],
    ["E","H","L","Y","W"],
    ["F","Q","E","G","X"],
    ["K","D","U","N","O"]
  ]
},
{
"id":"weekly_5x5_2028-08-06",
"date":"2028-08-06",
"puzzle":[
    [0,"C",0,0,"X"],
    ["G",0,"D",0,"T"],
    [0,"D",0,0,0],
    ["K",0,"U","L",0],
    [0,0,0,"Y",0]
  ],
"solution":[
    ["F","C","H","P","X"],
    ["G","Q","D","A","T"],
    ["R","D","S","X","Q"],
    ["K","A","U","L","J"],
    ["L","F","J","Y","C"]
  ]
},
{
"id":"weekly_5x5_2028-08-13",
"date":"2028-08-13",
"puzzle":[
    [0,0,0,0,0],
    [0,0,"T",0,"G"],
    ["G",0,0,"R","H"],
    ["K",0,"U",0,"P"],
    ["X",0,0,0,0]
  ],
"solution":[
    ["W","I","R","Q","M"],
    ["Q","X","T","K","G"],
    ["G","N","S","R","H"],
    ["K","Q","U","B","P"],
    ["X","J","I","D","O"]
  ]
},
{
"id":"weekly_5x5_2028-08-20",
"date":"2028-08-20",
"puzzle":[
    [0,"A",0,"K",0],
    ["J",0,0,"I",0],
    ["I",0,"J","Q",0],
    ["C",0,0,0,0],
    [0,0,0,"A",0]
  ],
"solution":[
    ["B","A","Y","K","P"],
    ["J","M","W","I","H"],
    ["I","Y","J","Q","D"],
    ["C","H","B","Y","U"],
    ["D","P","C","A","K"]
  ]
},
{
"id":"weekly_5x5_2028-08-27",
"date":"2028-08-27",
"puzzle":[
    ["Q",0,0,"O",0],
    [0,"M","D",0,0],
    [0,0,0,0,0],
    [0,"A","T",0,0],
    ["W",0,0,"P",0]
  ],
"solution":[
    ["Q","U","V","O","K"],
    ["O","M","D","L","P"],
    ["U","W","C","M","E"],
    ["C","A","T","Q","L"],
    ["W","H","B","P","F"]
  ]
},
{
"id":"weekly_5x5_2028-09-03",
"date":"2028-09-03",
"puzzle":[
    [0,0,0,0,"L"],
    [0,"S",0,0,0],
    [0,0,0,"T",0],
    ["S","O","F",0,0],
    [0,0,"W","S",0]
  ],
"solution":[
    ["Y","F","X","U","L"],
    ["C","S","T","Y","P"],
    ["X","Y","R","T","K"],
    ["S","O","F","G","H"],
    ["T","L","W","S","N"]
  ]
},
{
"id":"weekly_5x5_2028-09-10",
"date":"2028-09-10",
"puzzle":[
    ["F",0,0,0,"Q"],
    [0,0,"P",0,"N"],
    [0,"D",0,0,0],
    [0,0,"M",0,"I"],
    [0,"H","Y","Q",0]
  ],
"solution":[
    ["F","O","A","H","Q"],
    ["K","R","P","X","N"],
    ["X","D","F","J","A"],
    ["Q","S","M","A","I"],
    ["U","H","Y","Q","T"]
  ]
},
{
"id":"weekly_5x5_2028-09-17",
"date":"2028-09-17",
"puzzle":[
    ["Y",0,0,0,0],
    ["H",0,"K","L",0],
    [0,"R","A",0,"H"],
    ["V",0,"I",0,0],
    [0,0,0,0,0]
  ],
"solution":[
    ["Y","S","D","B","O"],
    ["H","I","K","L","F"],
    ["T","R","A","M","H"],
    ["V","L","I","R","N"],
    ["A","M","H","Y","G"]
  ]
},
{
"id":"weekly_5x5_2028-09-24",
"date":"2028-09-24",
"puzzle":[
    [0,0,0,"H",0],
    ["N",0,0,"U",0],
    ["B",0,0,0,0],
    ["A","M",0,0,"C"],
    ["K",0,0,0,0]
  ],
"solution":[
    ["L","F","C","H","N"],
    ["N","D","V","U","Y"],
    ["B","V","X","A","G"],
    ["A","M","U","D","C"],
    ["K","G","E","Y","B"]
  ]
},
{
"id":"weekly_5x5_2028-10-01",
"date":"2028-10-01",
"puzzle":[
    ["G",0,0,"M",0],
    ["Y",0,0,0,0],
    ["F","U","L",0,0],
    [0,0,0,0,"Y"],
    ["T",0,0,0,0]
  ],
"solution":[
    ["G","E","T","M","B"],
    ["Y","C","G","N","U"],
    ["F","U","L","H","R"],
    ["X","H","V","Q","Y"],
    ["T","A","F","K","N"]
  ]
},
{
"id":"weekly_5x5_2028-10-08",
"date":"2028-10-08",
"puzzle":[
    ["O",0,0,0,0],
    ["U","S",0,0,0],
    ["N",0,0,0,0],
    ["K",0,"L","U",0],
    [0,"C","M",0,"W"]
  ],
"solution":[
    ["O","Q","A","D","X"],
    ["U","S","Y","O","G"],
    ["N","A","V","P","L"],
    ["K","V","L","U","J"],
    ["Y","C","M","I","W"]
  ]
},
{
"id":"weekly_5x5_2028-10-15",
"date":"2028-10-15",
"puzzle":[
    ["V","C",0,0,0],
    ["O",0,"Q",0,0],
    [0,0,0,0,0],
    [0,0,"V",0,0],
    [0,"B","P",0,"E"]
  ],
"solution":[
    ["V","C","K","E","W"],
    ["O","R","Q","F","N"],
    ["G","K","H","C","A"],
    ["J","L","V","N","O"],
    ["N","B","P","A","E"]
  ]
},
{
"id":"weekly_5x5_2028-10-22",
"date":"2028-10-22",
"puzzle":[
    ["X",0,0,0,0],
    ["I",0,"Q",0,0],
    ["D",0,"Y","T",0],
    ["T","A",0,0,0],
    ["C",0,0,0,0]
  ],
"solution":[
    ["X","J","N","R","O"],
    ["I","F","Q","U","W"],
    ["D","W","Y","T","B"],
    ["T","A","E","F","I"],
    ["C","Q","T","K","S"]
  ]
},
{
"id":"weekly_5x5_2028-10-29",
"date":"2028-10-29",
"puzzle":[
    [0,0,0,0,0],
    [0,"U",0,"V",0],
    ["L","O","G",0,0],
    ["X",0,"B","T","Q"],
    [0,0,0,0,0]
  ],
"solution":[
    ["W","S","V","G","D"],
    ["B","U","L","V","M"],
    ["L","O","G","U","J"],
    ["X","K","B","T","Q"],
    ["G","C","I","N","L"]
  ]
},
{
"id":"weekly_5x5_2028-11-05",
"date":"2028-11-05",
"puzzle":[
    ["G",0,0,"B",0],
    ["W",0,0,0,"Q"],
    [0,0,0,0,"P"],
    [0,0,0,0,0],
    [0,"G","R","K",0]
  ],
"solution":[
    ["G","V","M","B","D"],
    ["W","O","K","G","Q"],
    ["Q","I","Y","A","P"],
    ["T","K","P","L","U"],
    ["L","G","R","K","I"]
  ]
},
{
"id":"weekly_5x5_2028-11-12",
"date":"2028-11-12",
"puzzle":[
    [0,"O","Y","M",0],
    ["E",0,0,0,0],
    [0,0,"B","U",0],
    [0,0,0,0,"R"],
    [0,0,"K",0,0]
  ],
"solution":[
    ["W","O","Y","M","X"],
    ["E","Q","H","R","P"],
    ["M","G","B","U","W"],
    ["F","T","S","B","R"],
    ["B","N","K","G","S"]
  ]
},
{
"id":"weekly_5x5_2028-11-19",
"date":"2028-11-19",
"puzzle":[
    [0,"G","C",0,0],
    [0,0,0,0,0],
    ["S",0,0,"K","N"],
    ["W",0,0,0,"Q"],
    ["D","U",0,0,0]
  ],
"solution":[
    ["L","G","C","W","J"],
    ["Q","J","T","C","E"],
    ["S","O","I","K","N"],
    ["W","L","S","A","Q"],
    ["D","U","B","X","I"]
  ]
},
{
"id":"weekly_5x5_2028-11-26",
"date":"2028-11-26",
"puzzle":[
    [0,"L",0,0,0],
    [0,0,"H",0,0],
    ["G",0,"V","K","Y"],
    ["V",0,0,0,0],
    ["O",0,"M",0,"P"]
  ],
"solution":[
    ["Y","L","W","F","S"],
    ["B","O","H","V","C"],
    ["G","M","V","K","Y"],
    ["V","X","Y","W","T"],
    ["O","S","M","L","P"]
  ]
},
{
"id":"weekly_5x5_2028-12-03",
"date":"2028-12-03",
"puzzle":[
    [0,"S",0,0,"J"],
    [0,0,"R",0,"Q"],
    ["S",0,0,"P","K"],
    ["F",0,0,0,0],
    [0,"E",0,"R",0]
  ],
"solution":[
    ["U","S","A","L","J"],
    ["X","M","R","T","Q"],
    ["S","T","G","P","K"],
    ["F","L","P","V","S"],
    ["A","E","I","R","X"]
  ]
},
{
"id":"weekly_5x5_2028-12-10",
"date":"2028-12-10",
"puzzle":[
    ["S",0,0,0,0],
    [0,"L",0,0,0],
    [0,"W","D",0,"M"],
    ["P",0,0,"D",0],
    ["H",0,"O",0,0]
  ],
"solution":[
    ["S","P","B","Q","U"],
    ["F","L","W","Y","A"],
    ["I","W","D","K","M"],
    ["P","G","Y","D","H"],
    ["H","B","O","W","P"]
  ]
},
{
"id":"weekly_5x5_2028-12-17",
"date":"2028-12-17",
"puzzle":[
    ["U","R",0,0,0],
    [0,0,0,"U","X"],
    [0,"N",0,"A","V"],
    [0,0,0,"G",0],
    [0,0,"H","N",0]
  ],
"solution":[
    ["U","R","V","L","K"],
    ["B","I","Q","U","X"],
    ["L","N","P","A","V"],
    ["H","D","T","G","R"],
    ["C","P","H","N","O"]
  ]
},
{
"id":"weekly_5x5_2028-12-24",
"date":"2028-12-24",
"puzzle":[
    [0,"A",0,"B",0],
    [0,0,0,0,"C"],
    [0,"G",0,0,0],
    [0,0,0,0,"W"],
    [0,"F",0,"L","S"]
  ],
"solution":[
    ["O","A","K","B","Q"],
    ["W","Y","Q","H","C"],
    ["S","G","T","I","R"],
    ["F","X","E","T","W"],
    ["K","F","J","L","S"]
  ]
},
{
"id":"weekly_5x5_2028-12-31",
"date":"2028-12-31",
"puzzle":[
    [0,0,"G",0,"R"],
    ["Q","W",0,0,0],
    ["B","X",0,0,0],
    [0,"K","R",0,0],
    ["N",0,0,0,0]
  ],
"solution":[
    ["M","B","G","C","R"],
    ["Q","W","J","A","F"],
    ["B","X","F","I","E"],
    ["S","K","R","F","D"],
    ["N","L","C","U","A"]
  ]
},
{
"id":"weekly_5x5_2029-01-07",
"date":"2029-01-07",
"puzzle":[
    [0,0,0,0,0],
    [0,0,0,0,0],
    ["L","B",0,0,0],
    [0,0,0,0,"V"],
    ["P","F","W","L","Q"]
  ],
"solution":[
    ["R","H","F","Y","B"],
    ["I","P","R","M","S"],
    ["L","B","P","Q","A"],
    ["N","W","I","D","V"],
    ["P","F","W","L","Q"]
  ]
},
{
"id":"weekly_5x5_2029-01-14",
"date":"2029-01-14",
"puzzle":[
    [0,0,0,"A",0],
    [0,0,0,"R","A"],
    ["J","L","U",0,0],
    ["G","S",0,0,0],
    [0,0,0,0,"B"]
  ],
"solution":[
    ["I","B","M","A","J"],
    ["H","K","C","R","A"],
    ["J","L","U","P","F"],
    ["G","S","K","M","Q"],
    ["D","X","J","F","B"]
  ]
},
{
"id":"weekly_5x5_2029-01-21",
"date":"2029-01-21",
"puzzle":[
    [0,0,0,0,0],
    [0,"R","M","E",0],
    ["G","Y",0,0,0],
    [0,"O",0,0,0],
    ["N",0,"O",0,"M"]
  ],
"solution":[
    ["V","G","N","L","E"],
    ["O","R","M","E","A"],
    ["G","Y","L","U","V"],
    ["R","O","S","H","U"],
    ["N","V","O","Q","M"]
  ]
},
{
"id":"weekly_5x5_2029-01-28",
"date":"2029-01-28",
"puzzle":[
    ["N","H",0,"A",0],
    [0,0,0,0,"Y"],
    [0,0,"U","C",0],
    [0,"N","T",0,0],
    [0,0,0,0,"F"]
  ],
"solution":[
    ["N","H","I","A","R"],
    ["E","U","A","I","Y"],
    ["H","V","U","C","P"],
    ["X","N","T","V","U"],
    ["G","Y","J","P","F"]
  ]
},
{
"id":"weekly_5x5_2029-02-04",
"date":"2029-02-04",
"puzzle":[
    [0,0,0,"B","X"],
    ["N",0,"O",0,"G"],
    [0,0,0,"E","S"],
    [0,"Q",0,"D","Y"],
    [0,0,0,0,0]
  ],
"solution":[
    ["D","H","L","B","X"],
    ["N","I","O","C","G"],
    ["U","M","K","E","S"],
    ["E","Q","T","D","Y"],
    ["K","F","P","J","V"]
  ]
},
{
"id":"weekly_5x5_2029-02-11",
"date":"2029-02-11",
"puzzle":[
    ["J",0,0,"H",0],
    [0,"L",0,0,0],
    [0,0,"X","B",0],
    [0,0,0,"W",0],
    [0,0,0,"K","T"]
  ],
"solution":[
    ["J","B","Y","H","D"],
    ["R","L","F","G","Y"],
    ["K","S","X","B","O"],
    ["S","Y","I","W","E"],
    ["X","R","J","K","T"]
  ]
},
{
"id":"weekly_5x5_2029-02-18",
"date":"2029-02-18",
"puzzle":[
    [0,0,0,0,0],
    [0,"G",0,0,"X"],
    [0,"X","R",0,0],
    ["Q","B",0,"D",0],
    ["W",0,0,"G",0]
  ],
"solution":[
    ["S","U","Q","C","M"],
    ["V","G","J","I","X"],
    ["T","X","R","K","D"],
    ["Q","B","C","D","T"],
    ["W","C","A","G","E"]
  ]
},
{
"id":"weekly_5x5_2029-02-25",
"date":"2029-02-25",
"puzzle":[
    [0,0,"K","F",0],
    [0,"T","B",0,"X"],
    ["C","F",0,0,0],
    [0,"I","R",0,0],
    ["D",0,0,0,0]
  ],
"solution":[
    ["U","P","K","F","S"],
    ["F","T","B","G","X"],
    ["C","F","D","M","J"],
    ["P","I","R","S","L"],
    ["D","N","V","L","U"]
  ]
},
{
"id":"weekly_5x5_2029-03-04",
"date":"2029-03-04",
"puzzle":[
    ["N",0,"R",0,0],
    [0,0,"K","W",0],
    [0,0,"D","X","J"],
    [0,0,0,0,0],
    [0,0,"U","J",0]
  ],
"solution":[
    ["N","X","R","I","Y"],
    ["Y","Q","K","W","S"],
    ["O","U","D","X","J"],
    ["A","Y","M","P","H"],
    ["B","L","U","J","T"]
  ]
},
{
"id":"weekly_5x5_2029-03-11",
"date":"2029-03-11",
"puzzle":[
    [0,0,"P","L",0],
    [0,0,0,0,0],
    [0,"I","H","R",0],
    [0,0,"Q",0,"N"],
    [0,"E","F",0,0]
  ],
"solution":[
    ["E","B","P","L","T"],
    ["A","J","I","M","X"],
    ["F","I","H","R","M"],
    ["H","Y","Q","O","N"],
    ["Q","E","F","U","W"]
  ]
},
{
"id":"weekly_5x5_2029-03-18",
"date":"2029-03-18",
"puzzle":[
    ["E",0,"S",0,"F"],
    [0,"C","H","M",0],
    [0,0,"Y",0,0],
    [0,0,0,0,0],
    ["G","D","F",0,0]
  ],
"solution":[
    ["E","K","S","O","F"],
    ["J","C","H","M","P"],
    ["F","H","Y","I","N"],
    ["B","N","E","F","J"],
    ["G","D","F","U","V"]
  ]
},
{
"id":"weekly_5x5_2029-03-25",
"date":"2029-03-25",
"puzzle":[
    ["O",0,"I",0,0],
    [0,"C",0,"T",0],
    [0,"W",0,0,0],
    ["Q",0,0,"J",0],
    [0,0,"B",0,"K"]
  ],
"solution":[
    ["O","U","I","Y","R"],
    ["F","C","L","T","Q"],
    ["P","W","C","M","T"],
    ["Q","I","K","J","G"],
    ["T","E","B","I","K"]
  ]
},
{
"id":"weekly_5x5_2029-04-01",
"date":"2029-04-01",
"puzzle":[
    ["K",0,0,"G",0],
    [0,0,0,0,"X"],
    [0,"M","P",0,0],
    ["V","I","D",0,"A"],
    ["A",0,0,0,0]
  ],
"solution":[
    ["K","H","F","G","V"],
    ["P","V","Q","S","X"],
    ["N","M","P","Q","O"],
    ["V","I","D","H","A"],
    ["A","Q","C","D","U"]
  ]
},
{
"id":"weekly_5x5_2029-04-08",
"date":"2029-04-08",
"puzzle":[
    ["Q","W",0,0,"L"],
    [0,"Q",0,0,0],
    ["G",0,"P","N",0],
    ["D",0,0,0,0],
    [0,0,"U","H",0]
  ],
"solution":[
    ["Q","W","G","U","L"],
    ["W","Q","T","B","X"],
    ["G","U","P","N","F"],
    ["D","I","B","L","V"],
    ["V","N","U","H","R"]
  ]
},
{
"id":"weekly_5x5_2029-04-15",
"date":"2029-04-15",
"puzzle":[
    [0,"B",0,"T","X"],
    [0,0,0,0,0],
    ["T",0,0,0,"P"],
    [0,0,0,0,"O"],
    ["Q","A","E",0,0]
  ],
"solution":[
    ["D","B","H","T","X"],
    ["U","R","L","X","T"],
    ["T","K","O","M","P"],
    ["X","N","W","V","O"],
    ["Q","A","E","F","D"]
  ]
},
{
"id":"weekly_5x5_2029-04-22",
"date":"2029-04-22",
"puzzle":[
    ["O",0,0,0,"K"],
    [0,0,0,0,"R"],
    [0,0,0,"B",0],
    [0,"B",0,0,"D"],
    [0,"F","V",0,"Q"]
  ],
"solution":[
    ["O","V","U","F","K"],
    ["F","A","Q","M","R"],
    ["M","T","I","B","E"],
    ["U","B","S","Q","D"],
    ["W","F","V","O","Q"]
  ]
},
{
"id":"weekly_5x5_2029-04-29",
"date":"2029-04-29",
"puzzle":[
    [0,0,"V",0,"U"],
    [0,"R",0,"W",0],
    [0,0,0,0,0],
    [0,"V","T",0,0],
    [0,0,"I",0,"X"]
  ],
"solution":[
    ["P","H","V","T","U"],
    ["K","R","C","W","M"],
    ["C","U","Q","J","Y"],
    ["F","V","T","L","Q"],
    ["S","N","I","F","X"]
  ]
},
{
"id":"weekly_5x5_2029-05-06",
"date":"2029-05-06",
"puzzle":[
    ["C",0,"T","P",0],
    [0,0,"G",0,"M"],
    [0,"H","E",0,0],
    [0,0,0,"U",0],
    [0,0,0,"C",0]
  ],
"solution":[
    ["C","M","T","P","N"],
    ["A","B","G","E","M"],
    ["B","H","E","V","K"],
    ["R","J","Y","U","W"],
    ["P","G","J","C","Q"]
  ]
},
{
"id":"weekly_5x5_2029-05-13",
"date":"2029-05-13",
"puzzle":[
    [0,0,0,0,0],
    ["T",0,"U","K","Y"],
    [0,"F",0,"L",0],
    ["Y",0,0,0,0],
    [0,0,0,"E","P"]
  ],
"solution":[
    ["R","X","Y","T","B"],
    ["T","O","U","K","Y"],
    ["D","F","C","L","M"],
    ["Y","B","O","F","X"],
    ["I","C","L","E","P"]
  ]
},
{
"id":"weekly_5x5_2029-05-20",
"date":"2029-05-20",
"puzzle":[
    [0,0,"X",0,"V"],
    [0,0,"E","U",0],
    [0,"S",0,"H","U"],
    [0,0,0,0,0],
    [0,0,0,"W","E"]
  ],
"solution":[
    ["Y","A","X","O","V"],
    ["J","C","E","U","A"],
    ["Q","S","N","H","U"],
    ["M","T","B","E","Q"],
    ["F","V","C","W","E"]
  ]
},
{
"id":"weekly_5x5_2029-05-27",
"date":"2029-05-27",
"puzzle":[
    ["E",0,0,0,0],
    ["O","S",0,0,0],
    ["V","Y",0,0,0],
    ["C",0,0,"B",0],
    ["J",0,0,"T",0]
  ],
"solution":[
    ["E","A","J","O","S"],
    ["O","S","L","K","F"],
    ["V","Y","T","F","C"],
    ["C","R","V","B","L"],
    ["J","U","A","T","P"]
  ]
},
{
"id":"weekly_5x5_2029-06-03",
"date":"2029-06-03",
"puzzle":[
    ["E",0,0,0,"Q"],
    ["L","N",0,0,0],
    ["O",0,0,0,0],
    [0,0,"W",0,"T"],
    [0,"U",0,"B",0]
  ],
"solution":[
    ["E","X","U","H","Q"],
    ["L","N","R","P","J"],
    ["O","J","H","E","R"],
    ["Q","R","W","I","T"],
    ["I","U","E","B","F"]
  ]
},
{
"id":"weekly_5x5_2029-06-10",
"date":"2029-06-10",
"puzzle":[
    ["P","N","C","B",0],
    [0,0,0,0,0],
    [0,0,"M","V",0],
    [0,0,"E","A",0],
    [0,0,"J","F",0]
  ],
"solution":[
    ["P","N","C","B","K"],
    ["B","F","H","R","C"],
    ["G","O","M","V","L"],
    ["C","V","E","A","M"],
    ["D","P","J","F","U"]
  ]
},
{
"id":"weekly_5x5_2029-06-17",
"date":"2029-06-17",
"puzzle":[
    [0,0,0,0,0],
    ["B","J",0,"D","C"],
    ["Q",0,0,0,0],
    ["W",0,0,0,0],
    ["J",0,0,"W","V"]
  ],
"solution":[
    ["H","E","M","X","I"],
    ["B","J","Q","D","C"],
    ["Q","K","J","O","Y"],
    ["W","A","C","Q","M"],
    ["J","P","X","W","V"]
  ]
},
{
"id":"weekly_5x5_2029-06-24",
"date":"2029-06-24",
"puzzle":[
    [0,0,0,0,0],
    [0,0,"A",0,0],
    ["E","R","N","X",0],
    [0,"M",0,"A",0],
    [0,0,"F",0,0]
  ],
"solution":[
    ["U","Q","H","E","T"],
    ["L","S","A","C","U"],
    ["E","R","N","X","O"],
    ["D","M","I","A","Y"],
    ["M","H","F","T","V"]
  ]
},
{
"id":"weekly_5x5_2029-07-01",
"date":"2029-07-01",
"puzzle":[
    ["L","T",0,0,0],
    ["B",0,0,0,"G"],
    [0,0,0,0,0],
    ["U",0,0,"E",0],
    [0,"B",0,0,"J"]
  ],
"solution":[
    ["L","T","F","N","P"],
    ["B","A","D","R","G"],
    ["T","D","B","M","F"],
    ["U","J","M","E","K"],
    ["N","B","S","I","J"]
  ]
},
{
"id":"weekly_5x5_2029-07-08",
"date":"2029-07-08",
"puzzle":[
    ["C","A",0,0,0],
    [0,0,0,"F",0],
    [0,"W",0,0,"A"],
    [0,0,0,"J",0],
    ["B",0,0,0,"N"]
  ],
"solution":[
    ["C","A","E","I","D"],
    ["E","P","I","F","J"],
    ["Y","W","X","T","A"],
    ["Q","H","G","J","T"],
    ["B","U","L","O","N"]
  ]
},
{
"id":"weekly_5x5_2029-07-15",
"date":"2029-07-15",
"puzzle":[
    ["F",0,0,"Q",0],
    [0,"D","U",0,0],
    [0,0,0,"U",0],
    ["E","P",0,0,0],
    [0,0,0,0,"F"]
  ],
"solution":[
    ["F","Y","K","Q","W"],
    ["Q","D","U","N","O"],
    ["X","K","T","U","B"],
    ["E","P","H","G","A"],
    ["Y","S","B","T","F"]
  ]
},
{
"id":"weekly_5x5_2029-07-22",
"date":"2029-07-22",
"puzzle":[
    ["A","E",0,"K",0],
    [0,"V",0,0,0],
    [0,0,"E","L",0],
    ["L",0,0,"U","G"],
    [0,"I",0,0,0]
  ],
"solution":[
    ["A","E","S","K","L"],
    ["T","V","Q","C","X"],
    ["G","X","E","L","U"],
    ["L","N","A","U","G"],
    ["F","I","Y","R","B"]
  ]
},
{
"id":"weekly_5x5_2029-07-29",
"date":"2029-07-29",
"puzzle":[
    ["T",0,0,0,"C"],
    [0,"S",0,"Q",0],
    [0,"G","X",0,0],
    [0,0,0,0,0],
    [0,0,0,"W","N"]
  ],
"solution":[
    ["T","N","M","P","C"],
    ["W","S","L","Q","P"],
    ["K","G","X","M","S"],
    ["M","R","F","T","B"],
    ["P","O","V","W","N"]
  ]
},
{
"id":"weekly_5x5_2029-08-05",
"date":"2029-08-05",
"puzzle":[
    [0,0,0,"J",0],
    ["A",0,0,"B","R"],
    [0,"O","E",0,0],
    [0,0,0,"W","F"],
    ["W",0,"T",0,0]
  ],
"solution":[
    ["M","P","Y","J","T"],
    ["A","M","F","B","R"],
    ["B","O","E","R","C"],
    ["I","K","U","W","F"],
    ["W","Q","T","I","S"]
  ]
},
{
"id":"weekly_5x5_2029-08-12",
"date":"2029-08-12",
"puzzle":[
    [0,0,0,"U","X"],
    ["C",0,"H",0,"V"],
    [0,"K",0,"N",0],
    [0,0,"P",0,0],
    [0,0,"G",0,0]
  ],
"solution":[
    ["T","L","J","U","X"],
    ["C","W","H","L","V"],
    ["S","K","B","N","P"],
    ["G","Q","P","J","L"],
    ["A","I","G","W","E"]
  ]
},
{
"id":"weekly_5x5_2029-08-19",
"date":"2029-08-19",
"puzzle":[
    [0,"J","W",0,0],
    [0,0,"P","V",0],
    ["W","T",0,0,0],
    ["D","F",0,"X",0],
    [0,"W",0,0,0]
  ],
"solution":[
    ["K","J","W","R","B"],
    ["L","X","P","V","M"],
    ["W","T","N","L","R"],
    ["D","F","Y","X","E"],
    ["X","W","J","K","Q"]
  ]
},
{
"id":"weekly_5x5_2029-08-26",
"date":"2029-08-26",
"puzzle":[
    ["B",0,0,"E",0],
    [0,0,0,"I","P"],
    [0,0,"A",0,0],
    ["P","X",0,0,0],
    [0,0,"T",0,0]
  ],
"solution":[
    ["B","Q","J","E","H"],
    ["J","M","X","I","P"],
    ["C","F","A","X","G"],
    ["P","X","S","K","B"],
    ["K","O","T","N","F"]
  ]
},
{
"id":"weekly_5x5_2029-09-02",
"date":"2029-09-02",
"puzzle":[
    [0,"L","D",0,"S"],
    [0,0,0,"R",0],
    [0,"D","K",0,0],
    [0,"I",0,"P","R"],
    [0,0,0,0,0]
  ],
"solution":[
    ["A","L","D","Y","S"],
    ["P","C","X","R","U"],
    ["O","D","K","J","T"],
    ["B","I","Y","P","R"],
    ["H","P","W","M","J"]
  ]
},
{
"id":"weekly_5x5_2029-09-09",
"date":"2029-09-09",
"puzzle":[
    ["W",0,0,0,"F"],
    [0,0,0,0,"N"],
    ["M","V",0,0,0],
    [0,0,0,"Y",0],
    ["E",0,"N",0,"A"]
  ],
"solution":[
    ["W","O","R","L","F"],
    ["F","R","S","D","N"],
    ["M","V","X","G","K"],
    ["T","K","C","Y","O"],
    ["E","P","N","T","A"]
  ]
},
{
"id":"weekly_5x5_2029-09-16",
"date":"2029-09-16",
"puzzle":[
    ["S",0,"R","I",0],
    [0,"X","M",0,"Y"],
    [0,0,0,0,0],
    [0,0,0,"Q",0],
    [0,"H","G","Y",0]
  ],
"solution":[
    ["S","V","R","I","W"],
    ["W","X","M","D","Y"],
    ["O","F","P","C","K"],
    ["I","E","W","Q","O"],
    ["E","H","G","Y","T"]
  ]
},
{
"id":"weekly_5x5_2029-09-23",
"date":"2029-09-23",
"puzzle":[
    [0,0,0,0,0],
    [0,0,"J","E",0],
    [0,0,"Y",0,"V"],
    ["Q","H","I",0,"L"],
    [0,0,"B",0,0]
  ],
"solution":[
    ["A","Y","D","W","E"],
    ["C","F","J","E","M"],
    ["I","R","Y","D","V"],
    ["Q","H","I","X","L"],
    ["V","J","B","F","U"]
  ]
},
{
"id":"weekly_5x5_2029-09-30",
"date":"2029-09-30",
"puzzle":[
    [0,0,0,0,0],
    [0,0,"S",0,"E"],
    [0,0,0,"R",0],
    [0,0,"L","G",0],
    [0,"P",0,"M","Y"]
  ],
"solution":[
    ["R","I","Y","U","H"],
    ["H","X","S","I","E"],
    ["T","O","X","R","U"],
    ["B","D","L","G","M"],
    ["X","P","N","M","Y"]
  ]
},
{
"id":"weekly_5x5_2029-10-07",
"date":"2029-10-07",
"puzzle":[
    [0,0,0,"K","N"],
    ["Q","Y","H","U","A"],
    ["O",0,0,0,0],
    [0,0,0,0,0],
    [0,"P",0,0,"F"]
  ],
"solution":[
    ["R","C","Q","K","N"],
    ["Q","Y","H","U","A"],
    ["O","I","N","M","G"],
    ["W","V","J","N","L"],
    ["A","P","G","H","F"]
  ]
},
{
"id":"weekly_5x5_2029-10-14",
"date":"2029-10-14",
"puzzle":[
    [0,0,0,0,0],
    ["L",0,0,0,"X"],
    [0,0,"C",0,"G"],
    [0,"Q","B",0,"M"],
    ["E",0,"I",0,0]
  ],
"solution":[
    ["J","A","U","K","F"],
    ["L","S","W","I","X"],
    ["D","W","C","R","G"],
    ["X","Q","B","V","M"],
    ["E","H","I","T","U"]
  ]
},
{
"id":"weekly_5x5_2029-10-21",
"date":"2029-10-21",
"puzzle":[
    [0,"O","R",0,"N"],
    [0,"C",0,0,0],
    ["F","W",0,"D","T"],
    [0,0,0,0,0],
    [0,0,"X",0,0]
  ],
"solution":[
    ["A","O","R","W","N"],
    ["R","C","U","Y","O"],
    ["F","W","Y","D","T"],
    ["B","G","F","V","P"],
    ["E","R","X","C","A"]
  ]
},
{
"id":"weekly_5x5_2029-10-28",
"date":"2029-10-28",
"puzzle":[
    ["N","I",0,0,"G"],
    [0,0,"O","I",0],
    [0,0,0,0,0],
    [0,0,"P",0,0],
    [0,0,"V","Q",0]
  ],
"solution":[
    ["N","I","W","R","G"],
    ["U","Q","O","I","S"],
    ["M","U","L","W","J"],
    ["S","F","P","K","W"],
    ["C","P","V","Q","R"]
  ]
},
{
"id":"weekly_5x5_2029-11-04",
"date":"2029-11-04",
"puzzle":[
    [0,"R",0,0,0],
    [0,0,0,0,"T"],
    [0,"Q","H",0,0],
    [0,"M",0,0,"J"],
    [0,"O","K",0,"Y"]
  ],
"solution":[
    ["I","R","V","S","K"],
    ["A","J","E","Q","T"],
    ["J","Q","H","K","X"],
    ["D","M","L","F","J"],
    ["N","O","K","A","Y"]
  ]
},
{
"id":"weekly_5x5_2029-11-11",
"date":"2029-11-11",
"puzzle":[
    [0,0,"I","E",0],
    [0,"T",0,0,0],
    ["K",0,0,0,"E"],
    [0,"U","G","R",0],
    [0,"K","S",0,0]
  ],
"solution":[
    ["V","N","I","E","L"],
    ["U","T","W","N","Y"],
    ["K","G","O","Y","E"],
    ["W","U","G","R","J"],
    ["B","K","S","C","V"]
  ]
},
{
"id":"weekly_5x5_2029-11-18",
"date":"2029-11-18",
"puzzle":[
    [0,0,0,"P","I"],
    [0,0,0,0,0],
    ["R","H",0,0,"P"],
    [0,0,0,"U",0],
    [0,"D","S",0,0]
  ],
"solution":[
    ["B","G","M","P","I"],
    ["W","K","P","N","Q"],
    ["R","H","E","Y","P"],
    ["O","L","K","U","S"],
    ["Y","D","S","T","G"]
  ]
},
{
"id":"weekly_5x5_2029-11-25",
"date":"2029-11-25",
"puzzle":[
    [0,"Q","Y",0,"W"],
    ["T",0,0,0,0],
    [0,"N","V","S","Y"],
    [0,0,0,0,0],
    [0,0,"Q","K",0]
  ],
"solution":[
    ["D","Q","Y","V","W"],
    ["T","A","S","X","K"],
    ["F","N","V","S","Y"],
    ["O","Y","G","E","Q"],
    ["M","F","Q","K","J"]
  ]
},
{
"id":"weekly_5x5_2029-12-02",
"date":"2029-12-02",
"puzzle":[
    ["X",0,0,"U",0],
    [0,"K",0,0,0],
    [0,"A","B","R",0],
    ["E",0,0,"K",0],
    ["L",0,"G",0,0]
  ],
"solution":[
    ["X","T","F","U","Q"],
    ["R","K","X","S","V"],
    ["F","A","B","R","Y"],
    ["E","M","J","K","N"],
    ["L","R","G","N","X"]
  ]
},
{
"id":"weekly_5x5_2029-12-09",
"date":"2029-12-09",
"puzzle":[
    ["Q",0,0,0,"V"],
    [0,0,0,0,0],
    [0,0,0,"O",0],
    [0,"H","G",0,0],
    [0,"P","H",0,"J"]
  ],
"solution":[
    ["Q","O","B","R","V"],
    ["X","T","A","S","H"],
    ["Y","U","K","O","B"],
    ["S","H","G","I","C"],
    ["K","P","H","W","J"]
  ]
},
{
"id":"weekly_5x5_2029-12-16",
"date":"2029-12-16",
"puzzle":[
    [0,0,0,"M",0],
    ["U",0,0,"T",0],
    ["V",0,0,"R",0],
    ["W",0,"M",0,0],
    ["Y",0,"I",0,"H"]
  ],
"solution":[
    ["G","A","Y","M","R"],
    ["U","H","R","T","J"],
    ["V","P","X","R","E"],
    ["W","V","M","U","F"],
    ["Y","E","I","J","H"]
  ]
},
{
"id":"weekly_5x5_2029-12-23",
"date":"2029-12-23",
"puzzle":[
    [0,0,0,"Y","G"],
    ["A",0,0,0,"N"],
    ["F",0,0,0,0],
    ["X",0,0,0,"A"],
    ["O",0,0,"G",0]
  ],
"solution":[
    ["Q","W","A","Y","G"],
    ["A","V","T","M","N"],
    ["F","B","N","O","W"],
    ["X","S","Y","R","A"],
    ["O","T","U","G","M"]
  ]
},
{
"id":"weekly_5x5_2029-12-30",
"date":"2029-12-30",
"puzzle":[
    [0,"Q",0,0,0],
    ["I","W",0,0,"B"],
    [0,"N",0,0,"E"],
    [0,"R","D",0,0],
    [0,0,0,0,"U"]
  ],
"solution":[
    ["C","Q","E","X","N"],
    ["I","W","M","H","B"],
    ["X","N","C","J","E"],
    ["L","R","D","U","T"],
    ["D","H","V","S","U"]
  ]
},
{
"id":"weekly_5x5_2030-01-06",
"date":"2030-01-06",
"puzzle":[
    ["O",0,0,"A",0],
    ["W",0,0,0,"V"],
    ["N",0,0,0,"C"],
    [0,0,0,0,0],
    ["G","W",0,"N",0]
  ],
"solution":[
    ["O","Y","W","A","D"],
    ["W","P","Q","M","V"],
    ["N","H","R","X","C"],
    ["F","L","K","C","Q"],
    ["G","W","V","N","E"]
  ]
},
{
"id":"weekly_5x5_2030-01-13",
"date":"2030-01-13",
"puzzle":[
    [0,0,0,0,0],
    ["Q",0,0,"N",0],
    [0,0,"O","T",0],
    [0,"Q",0,0,0],
    ["O","B","P",0,0]
  ],
"solution":[
    ["Y","U","G","K","S"],
    ["Q","F","S","N","D"],
    ["G","E","O","T","N"],
    ["T","Q","I","V","J"],
    ["O","B","P","Q","K"]
  ]
},
{
"id":"weekly_5x5_2030-01-20",
"date":"2030-01-20",
"puzzle":[
    ["C",0,"F",0,0],
    [0,"Y",0,0,0],
    ["L",0,"A","M","U"],
    [0,"X",0,"I",0],
    ["O",0,0,0,0]
  ],
"solution":[
    ["C","R","F","E","Q"],
    ["X","Y","D","V","O"],
    ["L","P","A","M","U"],
    ["W","X","L","I","K"],
    ["O","V","H","G","D"]
  ]
},
{
"id":"weekly_5x5_2030-01-27",
"date":"2030-01-27",
"puzzle":[
    [0,"N",0,"G",0],
    ["I","G",0,0,"P"],
    ["N","K",0,0,0],
    [0,"B",0,0,"H"],
    [0,0,0,0,0]
  ],
"solution":[
    ["B","N","J","G","E"],
    ["I","G","F","D","P"],
    ["N","K","P","Q","I"],
    ["R","B","U","A","H"],
    ["E","T","W","U","G"]
  ]
},
{
"id":"weekly_5x5_2030-02-03",
"date":"2030-02-03",
"puzzle":[
    ["R","X","Y",0,0],
    [0,0,0,"G",0],
    ["I","C",0,0,0],
    [0,0,"D",0,"M"],
    ["V","K",0,0,0]
  ],
"solution":[
    ["R","X","Y","U","D"],
    ["H","J","C","G","Q"],
    ["I","C","L","E","K"],
    ["E","I","D","O","M"],
    ["V","K","F","P","U"]
  ]
},
{
"id":"weekly_5x5_2030-02-10",
"date":"2030-02-10",
"puzzle":[
    [0,0,"U","R",0],
    [0,0,0,"X",0],
    [0,0,"R","D",0],
    [0,0,0,"L",0],
    ["H","X",0,0,"J"]
  ],
"solution":[
    ["S","I","U","R","H"],
    ["A","L","I","X","E"],
    ["C","U","R","D","T"],
    ["B","K","S","L","D"],
    ["H","X","M","A","J"]
  ]
},
{
"id":"weekly_5x5_2030-02-17",
"date":"2030-02-17",
"puzzle":[
    [0,0,"S",0,0],
    [0,0,"U",0,"F"],
    ["C",0,0,"Y",0],
    [0,0,"M","E","K"],
    [0,"L",0,0,0]
  ],
"solution":[
    ["I","K","S","T","Q"],
    ["L","Y","U","B","F"],
    ["C","P","L","Y","T"],
    ["D","H","M","E","K"],
    ["U","L","G","S","W"]
  ]
},
{
"id":"weekly_5x5_2030-02-24",
"date":"2030-02-24",
"puzzle":[
    [0,"Y",0,"B",0],
    [0,0,"E","X",0],
    [0,"G",0,0,0],
    ["W",0,0,0,0],
    [0,0,0,"S","Q"]
  ],
"solution":[
    ["U","Y","J","B","M"],
    ["M","V","E","X","U"],
    ["V","G","F","T","L"],
    ["W","C","B","Y","X"],
    ["L","D","G","S","Q"]
  ]
},
{
"id":"weekly_5x5_2030-03-03",
"date":"2030-03-03",
"puzzle":[
    [0,0,0,0,"C"],
    ["N",0,0,0,0],
    ["E",0,0,0,"O"],
    [0,"F",0,"C","K"],
    ["C","L",0,"B",0]
  ],
"solution":[
    ["T","K","B","U","C"],
    ["N","U","C","P","R"],
    ["E","H","M","S","O"],
    ["G","F","D","C","K"],
    ["C","L","T","B","U"]
  ]
},
{
"id":"weekly_5x5_2030-03-10",
"date":"2030-03-10",
"puzzle":[
    [0,0,"N",0,"K"],
    ["T","R","S",0,0],
    [0,"T","V",0,"R"],
    [0,0,0,"T",0],
    [0,0,"Y",0,0]
  ],
"solution":[
    ["X","M","N","G","K"],
    ["T","R","S","E","B"],
    ["C","T","V","S","R"],
    ["O","A","F","T","J"],
    ["J","F","Y","H","N"]
  ]
},
{
"id":"weekly_5x5_2030-03-17",
"date":"2030-03-17",
"puzzle":[
    [0,0,"T",0,"D"],
    [0,"M","X",0,0],
    [0,0,"O",0,0],
    ["U","E",0,0,0],
    [0,0,"A",0,"Q"]
  ],
"solution":[
    ["B","J","T","K","D"],
    ["T","M","X","B","J"],
    ["Y","W","O","T","S"],
    ["U","E","B","O","H"],
    ["N","O","A","P","Q"]
  ]
},
{
"id":"weekly_5x5_2030-03-24",
"date":"2030-03-24",
"puzzle":[
    ["K",0,"A","H","R"],
    ["P",0,0,0,0],
    [0,0,"T","A",0],
    [0,0,0,0,0],
    [0,0,0,0,"D"]
  ],
"solution":[
    ["K","U","A","H","R"],
    ["P","Y","D","B","C"],
    ["E","K","T","A","L"],
    ["H","S","O","J","F"],
    ["S","O","L","F","D"]
  ]
},
{
"id":"weekly_5x5_2030-03-31",
"date":"2030-03-31",
"puzzle":[
    [0,"X",0,0,"R"],
    [0,"F",0,0,0],
    ["N","H","B",0,"M"],
    ["D",0,0,"P",0],
    ["T",0,0,0,0]
  ],
"solution":[
    ["S","X","J","K","R"],
    ["I","F","M","O","B"],
    ["N","H","B","V","M"],
    ["D","T","I","P","F"],
    ["T","R","X","A","P"]
  ]
},
{
"id":"weekly_5x5_2030-04-07",
"date":"2030-04-07",
"puzzle":[
    ["I",0,0,0,"G"],
    [0,0,0,0,"B"],
    ["M","E",0,0,"S"],
    [0,"F",0,0,0],
    ["J",0,0,0,0]
  ],
"solution":[
    ["I","O","M","J","G"],
    ["E","I","W","A","B"],
    ["M","E","K","I","S"],
    ["D","F","B","O","Q"],
    ["J","S","G","L","P"]
  ]
},
{
"id":"weekly_5x5_2030-04-14",
"date":"2030-04-14",
"puzzle":[
    ["I","N","M","W","V"],
    [0,0,0,0,0],
    [0,"D",0,"C","P"],
    [0,0,0,0,0],
    [0,0,0,0,"G"]
  ],
"solution":[
    ["I","N","M","W","V"],
    ["P","F","B","D","M"],
    ["S","D","X","C","P"],
    ["J","B","P","L","R"],
    ["V","O","D","M","G"]
  ]
},
{
"id":"weekly_5x5_2030-04-21",
"date":"2030-04-21",
"puzzle":[
    [0,"K","T","N",0],
    [0,0,"K",0,0],
    ["L",0,0,0,0],
    [0,0,0,"H","L"],
    [0,"Y",0,"V",0]
  ],
"solution":[
    ["Y","K","T","N","R"],
    ["E","R","K","Q","H"],
    ["L","B","R","Y","E"],
    ["K","D","V","H","L"],
    ["W","Y","L","V","K"]
  ]
},
{
"id":"weekly_5x5_2030-04-28",
"date":"2030-04-28",
"puzzle":[
    ["V",0,0,0,"D"],
    ["O","V",0,"M","C"],
    [0,"E",0,0,"A"],
    [0,0,"X",0,0],
    ["G",0,0,0,0]
  ],
"solution":[
    ["V","N","R","W","D"],
    ["O","V","E","M","C"],
    ["W","E","V","U","A"],
    ["I","R","X","V","S"],
    ["G","P","T","Q","W"]
  ]
},
{
"id":"weekly_5x5_2030-05-05",
"date":"2030-05-05",
"puzzle":[
    [0,0,"W","D",0],
    [0,"S",0,"B","X"],
    [0,0,"D","Q",0],
    [0,0,0,0,"S"],
    [0,0,0,0,0]
  ],
"solution":[
    ["E","X","W","D","A"],
    ["F","S","C","B","X"],
    ["T","E","D","Q","I"],
    ["O","P","T","F","S"],
    ["M","T","N","E","L"]
  ]
},
{
"id":"weekly_5x5_2030-05-12",
"date":"2030-05-12",
"puzzle":[
    [0,0,"E",0,0],
    ["L",0,0,0,0],
    [0,0,0,"A","G"],
    [0,"P",0,"Y",0],
    ["I",0,"O","M","R"]
  ],
"solution":[
    ["F","X","E","V","Y"],
    ["L","I","S","K","M"],
    ["S","N","Q","A","G"],
    ["H","P","N","Y","K"],
    ["I","F","O","M","R"]
  ]
},
{
"id":"weekly_5x5_2030-05-19",
"date":"2030-05-19",
"puzzle":[
    ["C",0,0,"E",0],
    ["Q",0,0,"C","K"],
    [0,0,"L",0,0],
    [0,"T",0,0,0],
    ["X",0,0,"T","O"]
  ],
"solution":[
    ["C","G","U","E","Y"],
    ["Q","P","R","C","K"],
    ["A","M","L","J","P"],
    ["L","T","A","S","E"],
    ["X","N","C","T","O"]
  ]
},
{
"id":"weekly_5x5_2030-05-26",
"date":"2030-05-26",
"puzzle":[
    [0,0,0,0,0],
    ["U","J","N",0,0],
    [0,"B",0,0,"T"],
    ["B","M",0,0,0],
    [0,0,"S",0,0]
  ],
"solution":[
    ["S","A","F","T","O"],
    ["U","J","N","H","S"],
    ["P","B","X","D","T"],
    ["B","M","K","Q","A"],
    ["F","L","S","X","H"]
  ]
},
{
"id":"weekly_5x5_2030-06-02",
"date":"2030-06-02",
"puzzle":[
    [0,0,0,0,0],
    [0,0,"F",0,0],
    ["H",0,0,0,"E"],
    ["J","M",0,0,"F"],
    ["Q","T","N",0,"I"]
  ],
"solution":[
    ["B","S","R","J","N"],
    ["I","H","F","Q","R"],
    ["H","W","B","U","E"],
    ["J","M","W","S","F"],
    ["Q","T","N","B","I"]
  ]
},
{
"id":"weekly_5x5_2030-06-09",
"date":"2030-06-09",
"puzzle":[
    [0,0,0,0,0],
    ["T",0,"V","G","S"],
    [0,"B",0,0,"G"],
    [0,"D",0,0,0],
    [0,"Y","A",0,0]
  ],
"solution":[
    ["O","K","N","Y","E"],
    ["T","X","V","G","S"],
    ["A","B","J","H","G"],
    ["S","D","Y","M","A"],
    ["Q","Y","A","U","M"]
  ]
},
{
"id":"weekly_5x5_2030-06-16",
"date":"2030-06-16",
"puzzle":[
    ["L",0,"F",0,0],
    ["D",0,"S","H","Q"],
    [0,0,0,0,"D"],
    [0,0,0,0,0],
    ["K",0,0,0,0]
  ],
"solution":[
    ["L","H","F","B","U"],
    ["D","A","S","H","Q"],
    ["X","C","A","S","D"],
    ["P","D","H","T","F"],
    ["K","I","Y","C","H"]
  ]
},
{
"id":"weekly_5x5_2030-06-23",
"date":"2030-06-23",
"puzzle":[
    [0,0,0,0,0],
    [0,0,0,0,"K"],
    ["I","G",0,0,0],
    [0,0,"B",0,"O"],
    [0,"S","P",0,"A"]
  ],
"solution":[
    ["X","E","R","I","M"],
    ["F","V","H","X","K"],
    ["I","G","V","D","B"],
    ["C","K","B","G","O"],
    ["D","S","P","M","A"]
  ]
},
{
"id":"weekly_5x5_2030-06-30",
"date":"2030-06-30",
"puzzle":[
    [0,0,0,"P","Y"],
    ["M",0,0,0,0],
    [0,0,0,0,0],
    ["J","N",0,"K",0],
    ["C",0,"J","O","D"]
  ],
"solution":[
    ["L","Q","U","P","Y"],
    ["M","F","X","E","A"],
    ["V","W","A","F","B"],
    ["J","N","L","K","P"],
    ["C","I","J","O","D"]
  ]
},
{
"id":"weekly_5x5_2030-07-07",
"date":"2030-07-07",
"puzzle":[
    [0,0,"W",0,"O"],
    ["M",0,0,0,0],
    [0,0,0,"W",0],
    [0,0,"X",0,0],
    ["F","P","I","S",0]
  ],
"solution":[
    ["L","C","W","B","O"],
    ["M","V","Q","P","L"],
    ["Y","O","C","W","F"],
    ["B","J","X","Y","I"],
    ["F","P","I","S","Y"]
  ]
},
{
"id":"weekly_5x5_2030-07-14",
"date":"2030-07-14",
"puzzle":[
    [0,0,0,"H","B"],
    [0,0,0,"W",0],
    [0,0,0,0,0],
    ["S","N",0,0,"R"],
    ["K",0,"Q",0,0]
  ],
"solution":[
    ["X","D","R","H","B"],
    ["E","I","F","W","Q"],
    ["V","K","H","U","G"],
    ["S","N","E","D","R"],
    ["K","L","Q","A","T"]
  ]
},
{
"id":"weekly_5x5_2030-07-21",
"date":"2030-07-21",
"puzzle":[
    ["N","S","L",0,0],
    [0,0,"X","N",0],
    [0,0,0,"G","C"],
    ["P",0,0,0,0],
    [0,0,"R","I",0]
  ],
"solution":[
    ["N","S","L","X","M"],
    ["Q","L","X","N","B"],
    ["V","H","N","G","C"],
    ["P","V","E","U","K"],
    ["G","D","R","I","U"]
  ]
},
{
"id":"weekly_5x5_2030-07-28",
"date":"2030-07-28",
"puzzle":[
    [0,0,"D",0,0],
    [0,0,0,"Y","S"],
    [0,0,0,"R",0],
    [0,0,0,"D",0],
    ["S","A",0,"N",0]
  ],
"solution":[
    ["L","I","D","G","U"],
    ["R","D","P","Y","S"],
    ["N","B","M","R","E"],
    ["J","T","Q","D","I"],
    ["S","A","B","N","J"]
  ]
},
{
"id":"weekly_5x5_2030-08-04",
"date":"2030-08-04",
"puzzle":[
    [0,0,"T","F","J"],
    [0,0,0,"K","E"],
    [0,0,0,0,"U"],
    ["W",0,0,"H","I"],
    ["E",0,0,0,0]
  ],
"solution":[
    ["Q","U","T","F","J"],
    ["I","O","Q","K","E"],
    ["J","F","B","Y","U"],
    ["W","E","V","H","I"],
    ["E","V","Y","N","F"]
  ]
},
{
"id":"weekly_5x5_2030-08-11",
"date":"2030-08-11",
"puzzle":[
    ["A",0,0,0,0],
    [0,0,0,"X",0],
    ["U","X",0,0,"O"],
    [0,0,"Q",0,0],
    [0,"G",0,"T","Y"]
  ],
"solution":[
    ["A","S","Y","Q","M"],
    ["B","N","E","X","C"],
    ["U","X","G","Y","O"],
    ["X","B","Q","A","N"],
    ["D","G","W","T","Y"]
  ]
},
{
"id":"weekly_5x5_2030-08-18",
"date":"2030-08-18",
"puzzle":[
    ["D",0,"B","Y",0],
    ["T",0,0,0,0],
    [0,0,0,0,0],
    ["L",0,0,"W","Y"],
    ["C","V","J",0,0]
  ],
"solution":[
    ["D","W","B","Y","N"],
    ["T","O","R","U","I"],
    ["O","D","V","R","G"],
    ["L","U","D","W","Y"],
    ["C","V","J","N","S"]
  ]
},
{
"id":"weekly_5x5_2030-08-25",
"date":"2030-08-25",
"puzzle":[
    ["G",0,0,0,0],
    [0,0,0,0,"W"],
    ["N","L","I",0,0],
    [0,"A",0,"G",0],
    [0,0,"M",0,0]
  ],
"solution":[
    ["G","D","T","A","B"],
    ["P","F","G","B","W"],
    ["N","L","I","W","Y"],
    ["O","A","D","G","V"],
    ["J","C","M","X","Q"]
  ]
},
{
"id":"weekly_5x5_2030-09-01",
"date":"2030-09-01",
"puzzle":[
    [0,0,0,0,0],
    [0,0,"G","E",0],
    [0,"J",0,"R",0],
    [0,"B","J",0,0],
    ["L","H",0,0,"A"]
  ],
"solution":[
    ["V","Y","K","D","W"],
    ["S","M","G","E","K"],
    ["T","J","C","R","L"],
    ["Y","B","J","P","Q"],
    ["L","H","D","I","A"]
  ]
},
{
"id":"weekly_5x5_2030-09-08",
"date":"2030-09-08",
"puzzle":[
    [0,0,"A",0,"Q"],
    ["L","D",0,"S",0],
    [0,0,0,0,"L"],
    ["S",0,"Q",0,0],
    [0,0,0,"K",0]
  ],
"solution":[
    ["C","T","A","U","Q"],
    ["L","D","I","S","C"],
    ["V","S","M","Y","L"],
    ["S","G","Q","H","W"],
    ["X","M","G","K","T"]
  ]
},
{
"id":"weekly_5x5_2030-09-15",
"date":"2030-09-15",
"puzzle":[
    ["T",0,0,0,"F"],
    [0,"M",0,0,0],
    [0,"T",0,0,0],
    ["S",0,0,"E",0],
    ["D","F","S",0,0]
  ],
"solution":[
    ["T","J","W","Q","F"],
    ["B","M","T","R","U"],
    ["W","T","M","D","I"],
    ["S","U","J","E","O"],
    ["D","F","S","T","G"]
  ]
},
{
"id":"weekly_5x5_2030-09-22",
"date":"2030-09-22",
"puzzle":[
    ["N",0,0,"F",0],
    [0,0,"Q",0,0],
    [0,0,0,0,0],
    ["M","P","R",0,0],
    [0,"J",0,0,"C"]
  ],
"solution":[
    ["N","Q","L","F","A"],
    ["D","K","Q","U","S"],
    ["A","W","O","Q","G"],
    ["M","P","R","C","I"],
    ["V","J","Y","D","C"]
  ]
},
{
"id":"weekly_5x5_2030-09-29",
"date":"2030-09-29",
"puzzle":[
    [0,0,0,0,"V"],
    ["U",0,0,"N",0],
    ["Q","J",0,0,0],
    [0,0,"H",0,0],
    [0,0,"K","M",0]
  ],
"solution":[
    ["S","E","X","R","V"],
    ["U","B","T","N","D"],
    ["Q","J","I","C","Y"],
    ["I","T","H","U","J"],
    ["E","W","K","M","C"]
  ]
},
{
"id":"weekly_5x5_2030-10-06",
"date":"2030-10-06",
"puzzle":[
    [0,"K",0,"W","I"],
    [0,0,0,"L",0],
    [0,"C",0,0,0],
    [0,"P","U",0,0],
    ["F","H",0,0,0]
  ],
"solution":[
    ["O","K","L","W","I"],
    ["R","Q","K","L","H"],
    ["V","C","M","O","W"],
    ["X","P","U","M","R"],
    ["F","H","O","N","E"]
  ]
},
{
"id":"weekly_5x5_2030-10-13",
"date":"2030-10-13",
"puzzle":[
    [0,0,"V","X","C"],
    [0,0,"Q","B",0],
    [0,0,"P",0,0],
    [0,"X","I",0,0],
    [0,0,0,0,0]
  ],
"solution":[
    ["M","W","V","X","C"],
    ["X","F","Q","B","H"],
    ["J","H","P","Q","T"],
    ["O","X","I","L","D"],
    ["E","J","B","T","O"]
  ]
},
{
"id":"weekly_5x5_2030-10-20",
"date":"2030-10-20",
"puzzle":[
    ["N","R",0,0,"Q"],
    [0,"B","Y",0,0],
    ["F","J","H",0,0],
    [0,0,0,0,"E"],
    ["X",0,0,0,0]
  ],
"solution":[
    ["N","R","O","L","Q"],
    ["W","B","Y","C","I"],
    ["F","J","H","V","K"],
    ["P","D","L","X","E"],
    ["X","P","U","E","T"]
  ]
},
{
"id":"weekly_5x5_2030-10-27",
"date":"2030-10-27",
"puzzle":[
    ["C",0,0,0,"U"],
    [0,"T",0,0,"L"],
    [0,"W",0,0,"F"],
    [0,"L",0,0,0],
    ["L",0,"M",0,0]
  ],
"solution":[
    ["C","F","O","S","U"],
    ["D","T","B","X","L"],
    ["T","W","Q","V","F"],
    ["Q","L","D","G","O"],
    ["L","K","M","N","P"]
  ]
},
{
"id":"weekly_5x5_2030-11-03",
"date":"2030-11-03",
"puzzle":[
    [0,"H",0,0,0],
    [0,0,0,0,"C"],
    ["E",0,"R",0,0],
    ["H","A","B",0,0],
    ["D","N",0,0,0]
  ],
"solution":[
    ["F","H","Q","E","I"],
    ["P","K","T","D","C"],
    ["E","C","R","Q","G"],
    ["H","A","B","G","X"],
    ["D","N","W","Y","V"]
  ]
},
{
"id":"weekly_5x5_2030-11-10",
"date":"2030-11-10",
"puzzle":[
    ["K","P",0,"B",0],
    [0,"V",0,0,0],
    [0,"W","M",0,0],
    [0,"I",0,0,0],
    ["W","B",0,0,"N"]
  ],
"solution":[
    ["K","P","L","B","E"],
    ["P","V","C","I","A"],
    ["D","W","M","T","F"],
    ["Y","I","A","P","R"],
    ["W","B","K","H","N"]
  ]
},
{
"id":"weekly_5x5_2030-11-17",
"date":"2030-11-17",
"puzzle":[
    [0,0,0,0,"O"],
    ["U",0,0,0,0],
    ["W",0,"T","B","J"],
    [0,0,0,"H",0],
    [0,"N",0,0,0]
  ],
"solution":[
    ["J","C","K","I","O"],
    ["U","V","H","C","Q"],
    ["W","Q","T","B","J"],
    ["K","O","N","H","B"],
    ["O","N","R","T","F"]
  ]
},
{
"id":"weekly_5x5_2030-11-24",
"date":"2030-11-24",
"puzzle":[
    ["E",0,"W",0,0],
    [0,0,0,"U","Q"],
    ["Q",0,0,0,"B"],
    [0,0,0,0,0],
    ["Y","P",0,0,0]
  ],
"solution":[
    ["E","D","W","X","U"],
    ["N","H","P","U","Q"],
    ["Q","C","U","F","B"],
    ["O","F","M","E","T"],
    ["Y","P","A","V","X"]
  ]
},
{
"id":"weekly_5x5_2030-12-01",
"date":"2030-12-01",
"puzzle":[
    [0,0,0,0,0],
    [0,"C",0,"B","J"],
    [0,0,0,0,0],
    [0,"U",0,"X",0],
    ["A",0,"R",0,"V"]
  ],
"solution":[
    ["U","F","N","I","A"],
    ["V","C","P","B","J"],
    ["P","O","G","Y","B"],
    ["O","U","A","X","G"],
    ["A","B","R","O","V"]
  ]
},
{
"id":"weekly_5x5_2030-12-08",
"date":"2030-12-08",
"puzzle":[
    ["X",0,0,"P",0],
    [0,"H","D",0,0],
    [0,0,"L","D","P"],
    [0,0,"X",0,"A"],
    [0,0,"S",0,0]
  ],
"solution":[
    ["X","O","K","P","R"],
    ["M","H","D","C","O"],
    ["H","U","L","D","P"],
    ["Y","K","X","O","A"],
    ["O","X","S","A","H"]
  ]
},
{
"id":"weekly_5x5_2030-12-15",
"date":"2030-12-15",
"puzzle":[
    [0,0,"I",0,"W"],
    ["T",0,"Q",0,0],
    ["N",0,0,"R",0],
    ["O",0,0,0,0],
    ["U",0,"K",0,"M"]
  ],
"solution":[
    ["D","B","I","Y","W"],
    ["T","P","Q","J","O"],
    ["N","W","V","R","U"],
    ["O","A","N","I","F"],
    ["U","V","K","B","M"]
  ]
},
{
"id":"weekly_5x5_2030-12-22",
"date":"2030-12-22",
"puzzle":[
    [0,0,"I","H","S"],
    [0,0,0,0,0],
    ["I",0,"A",0,0],
    ["K","P",0,0,0],
    [0,0,0,"Q","U"]
  ],
"solution":[
    ["M","N","I","H","S"],
    ["A","F","H","O","C"],
    ["I","Y","A","X","L"],
    ["K","P","Y","E","A"],
    ["T","K","X","Q","U"]
  ]
},
{
"id":"weekly_5x5_2030-12-29",
"date":"2030-12-29",
"puzzle":[
    ["R","Q",0,0,0],
    [0,0,0,"J",0],
    [0,0,"H","R","K"],
    [0,0,0,0,"D"],
    ["A",0,"L",0,0]
  ],
"solution":[
    ["R","Q","J","T","N"],
    ["C","B","W","J","V"],
    ["D","F","H","R","K"],
    ["U","H","R","F","D"],
    ["A","R","L","K","O"]
  ]
}
]
