{
"grid":"9x9",
"difficulty":"hard",
"count":20,
"puzzles":[
{
"id":"9x9_hard_001",
"puzzle":[
    ["I",0,"J","E","Y","N","F",0,"Z"],
    [0,"G","Z",0,0,"F",0,0,0],
    [0,"B","K","T","J","E",0,"R",0],
    [0,"O",0,0,0,"J",0,0,"T"],
    ["P",0,0,0,"Q",0,0,"A","F"],
    ["R","V",0,"S",0,0,0,0,0],
    [0,0,"I","M",0,0,"H","K",0],
    [0,"H","V","U","M",0,"Z","B",0],
    ["G","I","B","A",0,0,0,0,"S"]
  ],
"solution":[
    ["I","T","J","E","Y","N","F","V","Z"],
    ["B","G","Z","Q","R","F","M","I","A"],
    ["Y","B","K","T","J","E","V","R","G"],
    ["W","O","E","I","U","J","Q","N","T"],
    ["P","L","W","B","Q","I","T","A","F"],
    ["R","V","X","S","T","M","D","O","Q"],
    ["C","N","I","M","V","T","H","K","X"],
    ["E","H","V","U","M","R","Z","B","C"],
    ["G","I","B","A","P","H","K","Z","S"]
  ]
},
{
"id":"9x9_hard_002",
"puzzle":[
    [0,0,"W","H",0,0,"J",0,"F"],
    ["Q","K","A",0,"E",0,0,"F","H"],
    [0,"W",0,0,0,0,0,"P","X"],
    [0,0,0,"Q",0,"E",0,0,"C"],
    ["R",0,0,"I",0,"K",0,"G","O"],
    ["Z","C",0,"B",0,"N",0,0,"U"],
    [0,"H","M","G",0,0,0,"S","A"],
    ["C",0,0,0,0,"D",0,0,0],
    [0,0,0,"P",0,"T",0,"K","R"]
  ],
"solution":[
    ["V","I","W","H","P","M","J","T","F"],
    ["Q","K","A","L","E","R","U","F","H"],
    ["J","W","L","U","V","Y","T","P","X"],
    ["D","B","R","Q","I","E","X","U","C"],
    ["R","D","B","I","L","K","W","G","O"],
    ["Z","C","V","B","Y","N","E","D","U"],
    ["E","H","M","G","R","J","O","S","A"],
    ["C","X","I","Y","F","D","S","J","P"],
    ["F","L","Y","P","U","T","N","K","R"]
  ]
},
{
"id":"9x9_hard_003",
"puzzle":[
    [0,0,"Y","S","N",0,"J","V",0],
    [0,"F","T",0,"S",0,"W",0,"G"],
    [0,"A",0,"M",0,0,0,"D",0],
    ["O",0,0,0,"F",0,"T",0,0],
    ["N","Z",0,0,0,0,0,"U",0],
    ["C","L",0,0,"T",0,0,"S",0],
    [0,"D",0,"F","V",0,"M","T",0],
    [0,0,0,0,"I",0,"B",0,0],
    [0,"R",0,0,0,"X",0,0,"F"]
  ],
"solution":[
    ["T","E","Y","S","N","R","J","V","M"],
    ["A","F","T","Q","S","L","W","R","G"],
    ["I","A","Z","M","K","G","N","D","U"],
    ["O","Y","B","Z","F","H","T","J","L"],
    ["N","Z","J","L","Q","A","P","U","I"],
    ["C","L","N","D","T","B","X","S","K"],
    ["S","D","A","F","V","Y","M","T","O"],
    ["P","K","F","X","I","C","B","Z","W"],
    ["J","R","W","K","Y","X","D","M","F"]
  ]
},
{
"id":"9x9_hard_004",
"puzzle":[
    ["O",0,"N",0,0,0,0,0,"M"],
    [0,0,0,0,"K",0,"P",0,0],
    ["H",0,0,"J",0,"Z",0,"N",0],
    ["W",0,"D",0,0,"G",0,0,0],
    [0,0,0,0,"D",0,0,0,"B"],
    [0,0,"O","T","G",0,"I","K",0],
    ["S",0,0,"H",0,0,"L",0,0],
    ["M",0,0,"L",0,0,0,"R",0],
    ["E","Z","W","S",0,0,"D",0,"Y"]
  ],
"solution":[
    ["O","A","N","Y","S","Q","V","D","M"],
    ["B","I","Z","O","K","L","P","V","U"],
    ["H","Q","U","J","T","Z","Y","N","X"],
    ["W","L","D","V","O","G","C","B","I"],
    ["G","J","A","M","D","T","Q","X","B"],
    ["J","E","O","T","G","A","I","K","V"],
    ["S","O","V","H","J","E","L","P","Z"],
    ["M","G","P","L","N","K","F","R","C"],
    ["E","Z","W","S","Q","J","D","I","Y"]
  ]
},
{
"id":"9x9_hard_005",
"puzzle":[
    [0,"H","N","D",0,"F",0,"M",0],
    ["X",0,"Z","M","Q",0,"P",0,0],
    ["C",0,"G","T",0,0,0,"O",0],
    [0,0,0,0,0,"O",0,"G","P"],
    ["W",0,0,"E","P",0,"S","V","G"],
    [0,0,"O","Q",0,"B","G","H","C"],
    ["M","E",0,"W","Z",0,0,0,"A"],
    [0,0,0,0,0,0,"M","X",0],
    [0,"D",0,0,"C",0,"T",0,0]
  ],
"solution":[
    ["E","H","N","D","L","F","Y","M","K"],
    ["X","V","Z","M","Q","S","P","D","O"],
    ["C","W","G","T","D","P","J","O","S"],
    ["L","S","U","B","H","O","Q","G","P"],
    ["W","Q","H","E","P","N","S","V","G"],
    ["V","P","O","Q","T","B","G","H","C"],
    ["M","E","D","W","Z","I","X","Q","A"],
    ["B","Y","F","Z","U","D","M","X","Q"],
    ["O","D","J","U","C","L","T","I","Z"]
  ]
},
{
"id":"9x9_hard_006",
"puzzle":[
    [0,0,"A",0,0,0,0,0,"D"],
    ["A","W",0,"F","R",0,"L","N",0],
    ["P","N","Z",0,0,0,0,0,"X"],
    [0,0,"J","C","U",0,"F",0,"G"],
    [0,0,0,0,0,"H",0,"J",0],
    ["N",0,0,0,"O",0,0,"H",0],
    ["L",0,"N",0,"E",0,0,"P","Y"],
    ["S",0,0,"D",0,0,0,0,"R"],
    ["Q","T",0,"Z",0,0,0,0,"K"]
  ],
"solution":[
    ["H","Y","A","O","K","S","J","F","D"],
    ["A","W","X","F","R","Y","L","N","T"],
    ["P","N","Z","V","T","Q","M","B","X"],
    ["E","H","J","C","U","M","F","Q","G"],
    ["M","V","C","R","L","H","Z","J","F"],
    ["N","Q","L","M","O","Z","D","H","S"],
    ["L","U","N","W","E","V","G","P","Y"],
    ["S","P","Q","D","N","J","W","K","R"],
    ["Q","T","D","Z","M","C","V","L","K"]
  ]
},
{
"id":"9x9_hard_007",
"puzzle":[
    [0,0,"M","P","J",0,"I",0,0],
    [0,"A",0,"N",0,"V","J","X","Q"],
    [0,0,"Y","X","E","I","M",0,0],
    [0,"N",0,"L","S",0,"E",0,0],
    [0,0,0,0,0,"A",0,"D","X"],
    ["W",0,"E",0,0,0,0,"Y",0],
    [0,0,0,0,0,0,"Y","A",0],
    [0,0,0,0,"F",0,"R",0,"J"],
    ["O",0,"C","T",0,0,0,"P",0]
  ],
"solution":[
    ["L","U","M","P","J","W","I","G","H"],
    ["H","A","F","N","M","V","J","X","Q"],
    ["J","V","Y","X","E","I","M","R","P"],
    ["Q","N","Z","L","S","F","E","I","K"],
    ["I","O","W","M","Y","A","F","D","X"],
    ["W","Q","E","H","R","J","C","Y","V"],
    ["S","H","O","Q","T","E","Y","A","N"],
    ["T","G","A","B","F","M","R","V","J"],
    ["O","R","C","T","L","H","W","P","B"]
  ]
},
{
"id":"9x9_hard_008",
"puzzle":[
    [0,0,"S","H","G",0,"L",0,0],
    ["X",0,0,0,0,0,"Q",0,0],
    ["Z","C",0,"F",0,0,0,"Y",0],
    [0,0,"A",0,0,"P",0,"H",0],
    [0,0,"V","A",0,0,"M",0,"Z"],
    [0,"U",0,"T",0,0,0,"X",0],
    ["F","M","Y",0,"S",0,0,"G",0],
    [0,"Y",0,"P","T","K","S","V",0],
    [0,"O","X","Y","W",0,0,0,0]
  ],
"solution":[
    ["W","Z","S","H","G","U","L","C","R"],
    ["X","L","W","I","J","F","Q","Z","U"],
    ["Z","C","B","F","U","O","N","Y","I"],
    ["E","I","A","Q","M","P","Z","H","W"],
    ["I","B","V","A","R","H","M","D","Z"],
    ["P","U","L","T","B","I","R","X","C"],
    ["F","M","Y","Z","S","D","I","G","J"],
    ["M","Y","R","P","T","K","S","V","B"],
    ["U","O","X","Y","W","T","A","Q","G"]
  ]
},
{
"id":"9x9_hard_009",
"puzzle":[
    ["O",0,0,0,"F",0,0,0,"L"],
    ["N","S",0,"G","V","H","L","I",0],
    [0,0,0,0,0,0,0,0,"M"],
    ["R",0,"M",0,"X",0,"C","H","J"],
    [0,0,0,"F",0,0,"Z",0,0],
    [0,0,"Y",0,"E","S",0,"R",0],
    [0,0,0,"S","B","R",0,0,"F"],
    [0,"V",0,"O",0,0,"S",0,0],
    ["A","O",0,0,"Z",0,0,"F",0]
  ],
"solution":[
    ["O","C","T","U","F","Y","B","S","L"],
    ["N","S","J","G","V","H","L","I","W"],
    ["C","I","X","T","P","E","Y","K","M"],
    ["R","Q","M","V","X","W","C","H","J"],
    ["Q","L","P","F","R","V","Z","A","U"],
    ["D","U","Y","I","E","S","K","R","T"],
    ["E","W","D","S","B","R","P","U","F"],
    ["X","V","W","O","L","T","S","G","N"],
    ["A","O","N","D","Z","B","J","F","P"]
  ]
},
{
"id":"9x9_hard_010",
"puzzle":[
    [0,"L","Y","V",0,"C","N","A",0],
    ["V","T","P","S",0,0,0,0,0],
    ["D",0,0,0,0,"N","P",0,0],
    ["Y","R","V",0,"O","J","B",0,0],
    [0,"H",0,"J",0,0,0,"L","F"],
    [0,0,0,0,"N","B",0,0,"S"],
    ["Q","V","J",0,"Y","O",0,"W",0],
    [0,"W",0,0,0,"D",0,0,"H"],
    [0,0,0,"Q",0,"U","R",0,0]
  ],
"solution":[
    ["O","L","Y","V","P","C","N","A","W"],
    ["V","T","P","S","H","X","W","E","U"],
    ["D","U","S","W","A","N","P","M","T"],
    ["Y","R","V","E","O","J","B","I","P"],
    ["K","H","T","J","X","A","Q","L","F"],
    ["P","Y","F","L","N","B","J","Q","S"],
    ["Q","V","J","D","Y","O","X","W","G"],
    ["E","W","A","P","I","D","M","X","H"],
    ["S","K","G","Q","W","U","R","B","V"]
  ]
},
{
"id":"9x9_hard_011",
"puzzle":[
    [0,"G",0,"O",0,0,"U","P",0],
    [0,0,0,0,"H","C",0,"K",0],
    [0,"U","Z",0,"P","M",0,0,0],
    ["R",0,"F","X","L","N","E","M","J"],
    ["H","P",0,"L",0,0,"G","Y",0],
    ["Q","D",0,"C",0,"G","K",0,0],
    [0,"S","I","P",0,"X",0,0,0],
    ["X",0,"O",0,0,0,"I",0,0],
    ["N",0,0,0,"Z","O",0,"X",0]
  ],
"solution":[
    ["M","G","C","O","K","Y","U","P","H"],
    ["G","R","P","D","H","C","Y","K","X"],
    ["K","U","Z","J","P","M","B","R","I"],
    ["R","K","F","X","L","N","E","M","J"],
    ["H","P","U","L","C","S","G","Y","K"],
    ["Q","D","V","C","N","G","K","U","M"],
    ["T","S","I","P","F","X","N","B","O"],
    ["X","J","O","V","E","Q","I","N","Y"],
    ["N","F","K","S","Z","O","D","X","V"]
  ]
},
{
"id":"9x9_hard_012",
"puzzle":[
    ["G",0,"R",0,0,0,"N","S",0],
    [0,"M",0,"A","P",0,0,"H",0],
    [0,"G",0,"R","T","Y",0,0,"H"],
    ["L",0,"N",0,0,"X","O","D","Y"],
    ["K",0,0,0,0,"G","A","I",0],
    [0,0,"L","K","S","T",0,0,"P"],
    ["A","F","H","P","K",0,"R","G","T"],
    [0,0,0,0,0,0,0,"A",0],
    ["X",0,"M",0,"J",0,0,0,"N"]
  ],
"solution":[
    ["G","T","R","Q","V","C","N","S","W"],
    ["J","M","B","A","P","R","X","H","Z"],
    ["E","G","C","R","T","Y","K","X","H"],
    ["L","K","N","T","E","X","O","D","Y"],
    ["K","D","S","F","U","G","A","I","L"],
    ["O","E","L","K","S","T","M","U","P"],
    ["A","F","H","P","K","O","R","G","T"],
    ["B","N","I","S","M","H","P","A","J"],
    ["X","H","M","W","J","S","D","Y","N"]
  ]
},
{
"id":"9x9_hard_013",
"puzzle":[
    ["O","D",0,0,0,0,"H","K","G"],
    [0,"N","J",0,0,0,"P","Y",0],
    ["V",0,"A","K",0,"Z","Y",0,"D"],
    [0,0,0,"R",0,"S","W",0,"J"],
    ["G",0,0,"W",0,0,0,0,0],
    [0,"T",0,0,0,0,"R",0,0],
    [0,0,0,"D",0,"G",0,0,0],
    [0,"Z",0,0,"C","V",0,0,0],
    ["T","M",0,0,"E",0,"V","A","R"]
  ],
"solution":[
    ["O","D","Y","C","L","P","H","K","G"],
    ["L","N","J","M","F","H","P","Y","U"],
    ["V","J","A","K","S","Z","Y","P","D"],
    ["E","L","F","R","T","S","W","Q","J"],
    ["G","B","I","W","J","N","E","X","M"],
    ["K","T","Q","Z","P","Y","R","S","L"],
    ["A","I","E","D","R","G","J","V","F"],
    ["P","Z","H","Q","C","V","I","J","A"],
    ["T","M","U","N","E","J","V","A","R"]
  ]
},
{
"id":"9x9_hard_014",
"puzzle":[
    ["N",0,0,"V",0,0,"B","J","Y"],
    ["L","I",0,0,0,"D",0,0,0],
    ["J","A","O","T",0,0,"C",0,0],
    [0,0,0,0,"K",0,0,0,0],
    ["R",0,"S","B","X","A",0,0,0],
    ["F","V",0,"P",0,"G",0,"Z",0],
    ["K",0,"F",0,"D","C",0,0,0],
    ["O","S","V","K","B","L","Z","U",0],
    [0,0,"D","J","V","P",0,"F",0]
  ],
"solution":[
    ["N","Q","E","V","Z","H","B","J","Y"],
    ["L","I","U","R","S","D","Q","O","B"],
    ["J","A","O","T","W","S","C","B","U"],
    ["E","N","P","I","K","B","F","D","Z"],
    ["R","T","S","B","X","A","J","E","M"],
    ["F","V","Y","P","Q","G","L","Z","A"],
    ["K","L","F","Y","D","C","I","Q","V"],
    ["O","S","V","K","B","L","Z","U","C"],
    ["B","Y","D","J","V","P","G","F","S"]
  ]
},
{
"id":"9x9_hard_015",
"puzzle":[
    ["I","J",0,"U",0,0,"P",0,0],
    [0,0,"J","I",0,0,"U",0,"E"],
    ["Z","N","F",0,0,0,0,"D",0],
    [0,0,"Y",0,0,0,0,0,0],
    [0,0,0,0,"E","Q",0,"I","J"],
    ["J","I",0,0,0,"T",0,"O",0],
    [0,"T",0,"W",0,"G","R",0,"H"],
    ["H","Z",0,"S","A",0,0,"K","P"],
    [0,"F",0,0,0,"Y",0,0,"T"]
  ],
"solution":[
    ["I","J","S","U","G","O","P","Y","A"],
    ["Q","C","J","I","X","N","U","S","E"],
    ["Z","N","F","G","Y","A","L","D","U"],
    ["W","A","Y","J","B","H","I","G","N"],
    ["Y","R","H","M","E","Q","V","I","J"],
    ["J","I","N","P","H","T","A","O","Z"],
    ["S","T","P","W","C","G","R","A","H"],
    ["H","Z","W","S","A","J","Y","K","P"],
    ["R","F","M","C","I","Y","K","Q","T"]
  ]
},
{
"id":"9x9_hard_016",
"puzzle":[
    [0,"S",0,"Y",0,0,"Z",0,0],
    ["R","X",0,0,"T","Y","D","P","Q"],
    [0,"E",0,"O",0,"I",0,"M","N"],
    [0,"M",0,0,0,0,"I","W",0],
    ["Z",0,"I",0,0,"D",0,0,"O"],
    [0,0,"M",0,"R",0,"G","L",0],
    [0,0,0,0,0,0,0,"N",0],
    ["Y","H",0,0,0,"C","R","T","D"],
    [0,"D",0,"S",0,0,"F","V",0]
  ],
"solution":[
    ["U","S","V","Y","G","E","Z","H","R"],
    ["R","X","S","B","T","Y","D","P","Q"],
    ["W","E","H","O","F","I","X","M","N"],
    ["L","M","Z","H","B","G","I","W","S"],
    ["Z","W","I","X","N","D","C","Q","O"],
    ["N","J","M","D","R","K","G","L","Z"],
    ["I","K","D","A","Z","H","S","N","B"],
    ["Y","H","Q","U","W","C","R","T","D"],
    ["G","D","X","S","H","J","F","V","T"]
  ]
},
{
"id":"9x9_hard_017",
"puzzle":[
    [0,"Y",0,0,0,0,0,0,"B"],
    [0,"F",0,0,"M","V",0,"K",0],
    ["N",0,"Q","X","V",0,"H","U",0],
    ["X",0,0,"G",0,0,"V","S",0],
    ["J","B","T",0,"P",0,0,0,"X"],
    ["F","N",0,"L",0,0,0,"W","Z"],
    ["M",0,"O","B","T",0,"D","V",0],
    [0,"A",0,0,0,"H","E",0,0],
    [0,"K",0,"J","L",0,"Q","F",0]
  ],
"solution":[
    ["H","Y","M","V","G","A","P","E","B"],
    ["T","F","X","A","M","V","W","K","E"],
    ["N","Z","Q","X","V","T","H","U","R"],
    ["X","J","H","G","A","Z","V","S","I"],
    ["J","B","T","H","P","K","C","G","X"],
    ["F","N","I","L","J","P","M","W","Z"],
    ["M","P","O","B","T","Q","D","V","S"],
    ["R","A","F","S","W","H","E","Y","G"],
    ["U","K","Y","J","L","G","Q","F","A"]
  ]
},
{
"id":"9x9_hard_018",
"puzzle":[
    [0,0,"B",0,"T",0,0,"Z",0],
    ["Q",0,0,"G",0,0,"N",0,"X"],
    [0,"S",0,"R",0,0,0,0,"V"],
    ["P",0,0,0,"U",0,"B",0,0],
    [0,"G","P","W","L","O",0,0,0],
    [0,0,0,"I",0,"V",0,0,"F"],
    [0,"N","Y","L",0,"F",0,"X",0],
    ["M",0,0,0,0,"U","G",0,0],
    ["X",0,0,"Q",0,0,"U",0,"A"]
  ],
"solution":[
    ["A","L","B","E","T","J","X","Z","R"],
    ["Q","O","L","G","P","E","N","U","X"],
    ["H","S","Z","R","O","K","W","J","V"],
    ["P","K","N","A","U","Y","B","G","M"],
    ["I","G","P","W","L","O","Q","N","Z"],
    ["O","W","T","I","Q","V","D","P","F"],
    ["K","N","Y","L","B","F","H","X","U"],
    ["M","I","Q","Z","D","U","G","A","L"],
    ["X","V","C","Q","S","N","U","T","A"]
  ]
},
{
"id":"9x9_hard_019",
"puzzle":[
    ["J","M",0,"B",0,0,"L","Y","V"],
    ["B",0,"N",0,0,0,0,0,0],
    [0,0,0,"J",0,"X",0,0,"S"],
    [0,0,0,0,"E",0,0,0,0],
    ["Y",0,0,"U","W","Z","V",0,0],
    ["S","N",0,"Q",0,0,"J",0,"U"],
    [0,"R","M",0,"B",0,0,"I","Y"],
    [0,0,"J",0,0,0,"B","G",0],
    ["N",0,0,0,0,"R","D",0,0]
  ],
"solution":[
    ["J","M","W","B","C","S","L","Y","V"],
    ["B","F","N","D","O","A","W","X","K"],
    ["O","B","P","J","N","X","C","D","S"],
    ["G","C","R","F","E","Q","N","K","O"],
    ["Y","G","Q","U","W","Z","V","T","E"],
    ["S","N","H","Q","Y","G","J","L","U"],
    ["E","R","M","H","B","K","Q","I","Y"],
    ["M","O","J","S","R","V","B","G","H"],
    ["N","T","B","V","Q","R","D","U","G"]
  ]
},
{
"id":"9x9_hard_020",
"puzzle":[
    ["I","O","D","Y",0,"P","F",0,0],
    ["Q",0,0,"V","U",0,0,0,"T"],
    [0,0,"T",0,0,0,0,"J","Y"],
    ["T",0,0,0,"H",0,"E",0,"S"],
    ["R","X","G",0,"E",0,0,"T","D"],
    ["H",0,"I","X",0,"N",0,0,0],
    [0,0,0,0,0,0,0,"P","V"],
    ["P",0,0,"W","L",0,0,"D",0],
    ["W","L",0,0,0,"X",0,"H","O"]
  ],
"solution":[
    ["I","O","D","Y","X","P","F","Q","W"],
    ["Q","N","P","V","U","O","A","X","T"],
    ["X","R","T","Z","Q","G","K","J","Y"],
    ["T","Z","J","L","H","D","E","M","S"],
    ["R","X","G","M","E","F","B","T","D"],
    ["H","C","I","X","O","N","J","S","M"],
    ["J","G","F","I","R","T","M","P","V"],
    ["P","A","M","W","L","Z","N","D","J"],
    ["W","L","Q","E","D","X","U","H","O"]
  ]
}
]
}
