{
"grid":"9x9",
"difficulty":"medium",
"count":20,
"puzzles":[
{
"id":"9x9_medium_001",
"puzzle":[
    ["E",0,"Q","S","Z",0,0,0,"U"],
    [0,0,0,"T","S",0,0,0,"R"],
    [0,"N","M","J",0,"B",0,"H",0],
    [0,0,0,"N",0,0,0,0,"O"],
    [0,0,0,"I","A",0,0,"D","E"],
    [0,"D",0,0,0,"I",0,0,0],
    ["N",0,0,"Y","B",0,"M",0,"P"],
    ["X","Q","R",0,0,0,"S",0,"C"],
    ["Z",0,0,"W",0,0,"I","U",0]
  ],
"solution":[
    ["E","P","Q","S","Z","T","L","B","U"],
    ["H","M","E","T","S","P","U","L","R"],
    ["R","N","M","J","F","B","V","H","Z"],
    ["P","C","Z","N","X","S","T","V","O"],
    ["O","S","U","I","A","G","N","D","E"],
    ["A","D","S","P","K","I","Y","J","V"],
    ["N","F","W","Y","B","Z","M","G","P"],
    ["X","Q","R","E","Y","L","S","K","C"],
    ["Z","O","G","W","P","M","I","U","F"]
  ]
},
{
"id":"9x9_medium_002",
"puzzle":[
    [0,"P","N",0,"U","O",0,0,"E"],
    [0,0,0,0,"W","K","U",0,"V"],
    ["T",0,0,0,"F",0,0,"M","L"],
    [0,0,0,0,0,"P","T",0,"W"],
    ["I",0,0,"L","B",0,"E","K","O"],
    ["Q",0,0,0,0,0,0,0,"F"],
    ["V",0,"A",0,"M","F","S","X","G"],
    ["G",0,0,0,"Q",0,0,"Y","R"],
    [0,0,0,"I","A","J","X",0,"T"]
  ],
"solution":[
    ["Z","P","N","C","U","O","G","S","E"],
    ["M","F","H","G","W","K","U","O","V"],
    ["T","N","U","E","F","I","R","M","L"],
    ["R","C","F","K","I","P","T","E","W"],
    ["I","Q","R","L","B","Y","E","K","O"],
    ["Q","O","S","Y","J","X","L","B","F"],
    ["V","B","A","D","M","F","S","X","G"],
    ["G","H","J","O","Q","E","M","Y","R"],
    ["O","M","P","I","A","J","X","F","T"]
  ]
},
{
"id":"9x9_medium_003",
"puzzle":[
    ["W","H","C","A","J","Q",0,"E",0],
    [0,0,0,0,0,"V","U","A",0],
    ["P",0,"E","X",0,0,0,0,0],
    [0,0,"U","E",0,0,"Y",0,0],
    [0,"I",0,0,"L","B",0,0,"N"],
    ["C",0,0,0,0,0,"V","K",0],
    ["M","X","K","Q",0,0,"G","Y",0],
    [0,"L","Z","V",0,"D",0,0,"K"],
    [0,"E",0,"Y",0,0,"D","X",0]
  ],
"solution":[
    ["W","H","C","A","J","Q","R","E","I"],
    ["K","Z","T","B","F","V","U","A","M"],
    ["P","A","E","X","U","J","I","D","Q"],
    ["R","D","U","E","V","W","Y","F","P"],
    ["E","I","M","P","L","B","T","H","N"],
    ["C","B","S","H","I","T","V","K","F"],
    ["M","X","K","Q","O","N","G","Y","Z"],
    ["H","L","Z","V","T","D","M","N","K"],
    ["G","E","O","Y","Q","F","D","X","A"]
  ]
},
{
"id":"9x9_medium_004",
"puzzle":[
    ["G",0,"N","J","V",0,"K",0,"R"],
    [0,0,"L","W",0,0,"M","H",0],
    ["T",0,"A","M",0,0,"D","Y",0],
    ["C","G",0,"P",0,0,0,0,0],
    [0,"N","M",0,0,0,0,"K","X"],
    ["M",0,0,"U",0,0,"E","V","P"],
    ["Y","S","Q","A",0,0,0,"N","F"],
    [0,"Y","H","G","W",0,0,"B","Z"],
    ["H",0,0,0,0,0,0,"R",0]
  ],
"solution":[
    ["G","F","N","J","V","I","K","D","R"],
    ["Z","R","L","W","E","N","M","H","I"],
    ["T","P","A","M","L","V","D","Y","K"],
    ["C","G","Y","P","O","A","R","Z","V"],
    ["E","N","M","H","C","S","Q","K","X"],
    ["M","B","T","U","Q","W","E","V","P"],
    ["Y","S","Q","A","I","B","T","N","F"],
    ["U","Y","H","G","W","J","N","B","Z"],
    ["H","W","B","S","F","X","I","R","Q"]
  ]
},
{
"id":"9x9_medium_005",
"puzzle":[
    [0,"I",0,0,0,0,0,"C","U"],
    [0,"N","O",0,0,0,"Q","T","H"],
    [0,"J","Y","D",0,"O",0,0,"P"],
    [0,0,0,"F",0,"I",0,"U","K"],
    ["Z",0,"P",0,"D",0,"K",0,0],
    ["G",0,0,0,0,"P",0,"O","C"],
    ["S","W",0,0,0,0,0,0,"L"],
    [0,0,0,"T","X",0,"D",0,0],
    ["H",0,0,0,0,0,0,"A",0]
  ],
"solution":[
    ["E","I","F","O","T","N","J","C","U"],
    ["A","N","O","R","S","V","Q","T","H"],
    ["Q","J","Y","D","K","O","T","M","P"],
    ["T","B","A","F","N","I","G","U","K"],
    ["Z","E","P","Y","D","H","K","R","B"],
    ["G","A","D","H","B","P","Z","O","C"],
    ["S","W","Q","X","F","A","M","E","L"],
    ["F","L","M","T","X","Y","D","H","A"],
    ["H","K","B","C","M","W","N","A","T"]
  ]
},
{
"id":"9x9_medium_006",
"puzzle":[
    [0,"Z","F",0,"A","M",0,"O","J"],
    [0,0,0,0,"D",0,"Z","N",0],
    [0,"H","V","U","N","F",0,"E",0],
    [0,0,0,0,"X",0,"T","Z","P"],
    [0,0,"Q","I",0,"V",0,0,0],
    [0,0,"A","K",0,0,0,"T",0],
    [0,"V",0,"W","Z",0,"Y",0,"S"],
    [0,0,"K","F","S",0,0,"B",0],
    ["T",0,0,0,"F",0,"I","M",0]
  ],
"solution":[
    ["H","Z","F","E","A","M","K","O","J"],
    ["B","R","J","Q","D","W","Z","N","F"],
    ["Y","H","V","U","N","F","G","E","X"],
    ["A","I","O","B","X","G","T","Z","P"],
    ["P","J","Q","I","W","V","E","K","T"],
    ["M","L","A","K","J","B","S","T","C"],
    ["U","V","E","W","Z","D","Y","I","S"],
    ["J","O","K","F","S","U","X","B","A"],
    ["T","X","H","R","F","S","I","M","U"]
  ]
},
{
"id":"9x9_medium_007",
"puzzle":[
    [0,"S",0,"Q",0,"C","L","H",0],
    ["L","M",0,"C",0,"W","P","G",0],
    ["G",0,"A",0,0,0,0,"O","I"],
    ["T",0,0,"N","F",0,0,0,0],
    [0,0,"U",0,"H","V",0,"R","D"],
    [0,0,0,0,"G",0,0,"J","K"],
    [0,0,0,"S","C","P",0,0,"O"],
    [0,0,"N",0,"W",0,0,0,0],
    [0,"L","F","G",0,"U","J",0,0]
  ],
"solution":[
    ["P","S","Y","Q","A","C","L","H","F"],
    ["L","M","J","C","D","W","P","G","R"],
    ["G","B","A","Y","L","X","K","O","I"],
    ["T","V","R","N","F","K","Q","W","J"],
    ["S","J","U","A","H","V","W","R","D"],
    ["Q","F","M","D","G","B","I","J","K"],
    ["Y","U","K","S","C","P","R","B","O"],
    ["O","R","N","E","W","D","V","S","P"],
    ["C","L","F","G","X","U","J","V","B"]
  ]
},
{
"id":"9x9_medium_008",
"puzzle":[
    ["F",0,"E","X",0,"N",0,0,"Y"],
    [0,"E",0,0,0,"B","P",0,"D"],
    ["Q",0,0,"T","O",0,"L",0,"N"],
    ["Z","Q","M","H","Y","E",0,0,"T"],
    ["X","Y",0,0,"D",0,0,0,"I"],
    [0,"G",0,0,0,"I","Z","R",0],
    [0,"T",0,"Y",0,0,"H","Q","P"],
    [0,"A",0,"E","G","V",0,0,0],
    [0,"B",0,0,0,"Q",0,"W",0]
  ],
"solution":[
    ["F","I","E","X","L","N","T","K","Y"],
    ["A","E","X","L","C","B","P","M","D"],
    ["Q","V","F","T","O","A","L","S","N"],
    ["Z","Q","M","H","Y","E","I","A","T"],
    ["X","Y","C","A","D","F","K","Z","I"],
    ["W","G","P","D","N","I","Z","R","H"],
    ["M","T","W","Y","A","R","H","Q","P"],
    ["S","A","K","E","G","V","U","T","B"],
    ["R","B","T","O","X","Q","F","W","Z"]
  ]
},
{
"id":"9x9_medium_009",
"puzzle":[
    ["H",0,0,0,0,0,"B",0,0],
    [0,0,"L","E","X",0,0,"U","W"],
    [0,"Z","F",0,0,"H","D",0,0],
    ["J","S",0,0,0,0,0,"C","E"],
    ["M","U","N",0,0,"B","Y","O",0],
    [0,0,0,0,0,0,0,"S",0],
    ["A","B",0,"S","M",0,0,"R",0],
    [0,0,"M",0,"F",0,0,0,"X"],
    [0,"W",0,0,0,0,"C","D",0]
  ],
"solution":[
    ["H","G","J","W","S","Q","B","T","Y"],
    ["B","O","L","E","X","K","M","U","W"],
    ["I","Z","F","C","O","H","D","N","A"],
    ["J","S","U","T","Y","I","L","C","E"],
    ["M","U","N","G","V","B","Y","O","F"],
    ["C","D","V","M","I","F","P","S","L"],
    ["A","B","O","S","M","Z","V","R","H"],
    ["S","Q","M","L","F","O","K","Z","X"],
    ["T","W","Z","F","J","U","C","D","R"]
  ]
},
{
"id":"9x9_medium_010",
"puzzle":[
    [0,0,0,0,"J","X",0,"K","P"],
    [0,0,"P","I","K",0,0,"S",0],
    [0,0,0,"U",0,0,0,0,0],
    [0,"W","M","R","B",0,0,"T","L"],
    [0,"T","A",0,0,"P",0,"X","J"],
    [0,"R",0,0,"G",0,"D","W","I"],
    [0,0,"E",0,0,0,"H",0,"X"],
    ["A",0,"R",0,"I","D",0,0,0],
    ["J","E","X",0,"W","U","N",0,0]
  ],
"solution":[
    ["Z","V","H","D","J","X","S","K","P"],
    ["Q","M","P","I","K","O","U","S","Y"],
    ["I","S","D","U","L","B","V","G","W"],
    ["O","W","M","R","B","H","A","T","L"],
    ["H","T","A","V","O","P","Q","X","J"],
    ["K","R","F","Y","G","S","D","W","I"],
    ["S","G","E","T","V","Y","H","F","X"],
    ["A","L","R","O","I","D","M","H","Z"],
    ["J","E","X","K","W","U","N","R","A"]
  ]
},
{
"id":"9x9_medium_011",
"puzzle":[
    ["Q",0,0,"B","T",0,"P",0,"G"],
    [0,"R",0,"N",0,0,"U","I",0],
    ["X",0,0,0,"Q",0,0,0,"J"],
    [0,0,"L",0,"O","W","Z","N",0],
    ["K","C","H","G","E",0,"A",0,0],
    [0,0,"Z",0,0,"G","L","K",0],
    ["I","K","U","Q",0,"E","B",0,"R"],
    [0,"Z",0,0,"U","D",0,0,0],
    [0,0,"M",0,"X","V","R","Z","E"]
  ],
"solution":[
    ["Q","H","Y","B","T","I","P","A","G"],
    ["G","R","D","N","Z","J","U","I","B"],
    ["X","G","T","R","Q","Y","H","V","J"],
    ["P","M","L","D","O","W","Z","N","K"],
    ["K","C","H","G","E","U","A","J","Z"],
    ["Y","N","Z","E","W","G","L","K","I"],
    ["I","K","U","Q","Y","E","B","M","R"],
    ["J","Z","K","X","U","D","O","W","Q"],
    ["U","P","M","L","X","V","R","Z","E"]
  ]
},
{
"id":"9x9_medium_012",
"puzzle":[
    ["F",0,"O",0,0,"C",0,0,"S"],
    [0,0,0,"F",0,0,"S",0,0],
    [0,"Q",0,"V",0,0,0,"D",0],
    [0,0,"F","A",0,"B","Q","S",0],
    [0,"R","Q",0,0,"V",0,"P","E"],
    ["E",0,"S",0,0,0,0,0,0],
    [0,"D","M",0,"G",0,"O",0,"Z"],
    ["P",0,"D","L",0,"X","N","O",0],
    [0,0,"L",0,"E","G",0,"W","B"]
  ],
"solution":[
    ["F","V","O","I","M","C","D","N","S"],
    ["T","N","I","F","D","A","S","V","J"],
    ["I","Q","B","V","J","O","L","D","F"],
    ["G","I","F","A","P","B","Q","S","H"],
    ["A","R","Q","Z","O","V","G","P","E"],
    ["E","B","S","X","Q","J","K","Z","V"],
    ["R","D","M","J","G","L","O","H","Z"],
    ["P","J","D","L","T","X","N","O","Y"],
    ["C","F","L","O","E","G","T","W","B"]
  ]
},
{
"id":"9x9_medium_013",
"puzzle":[
    [0,0,"J",0,"A","Q",0,"V",0],
    ["O","V","L",0,"B","J","G","H",0],
    [0,"M",0,"U","V",0,0,0,"Y"],
    [0,"P",0,"E","M",0,"I","K",0],
    ["S",0,"X",0,"D","R",0,0,0],
    ["W",0,"D","G",0,"F",0,"U","Q"],
    [0,"B","V",0,"J",0,0,0,"U"],
    [0,0,"U","A","C","E",0,0,0],
    [0,0,"W",0,0,"V",0,0,"P"]
  ],
"solution":[
    ["U","N","J","C","A","Q","L","V","H"],
    ["O","V","L","D","B","J","G","H","C"],
    ["R","M","I","U","V","H","Q","F","Y"],
    ["A","P","F","E","M","T","I","K","L"],
    ["S","W","X","L","D","R","Z","Q","G"],
    ["W","A","D","G","N","F","X","U","Q"],
    ["G","B","V","R","J","X","W","Z","U"],
    ["M","K","U","A","C","E","P","R","N"],
    ["Z","I","W","N","O","V","D","S","P"]
  ]
},
{
"id":"9x9_medium_014",
"puzzle":[
    ["J",0,0,0,"C",0,"I",0,0],
    ["X",0,0,"N","M",0,0,"H",0],
    ["T",0,0,"B",0,0,"O","X",0],
    ["U","H","T",0,"G",0,0,"I",0],
    [0,0,"W",0,0,0,"K",0,"N"],
    ["W",0,0,0,0,"A",0,"C","D"],
    ["I","K","Z","X",0,"H",0,0,0],
    [0,"C",0,0,"O","U",0,0,"B"],
    ["Y",0,0,0,0,0,0,"O","W"]
  ],
"solution":[
    ["J","U","F","H","C","B","I","D","S"],
    ["X","P","V","N","M","E","Y","H","U"],
    ["T","V","H","B","W","N","O","X","K"],
    ["U","H","T","E","G","K","N","I","O"],
    ["P","T","W","L","U","Z","K","E","N"],
    ["W","J","E","I","T","A","R","C","D"],
    ["I","K","Z","X","B","H","T","J","F"],
    ["K","C","X","F","O","U","H","V","B"],
    ["Y","Q","I","D","J","C","P","O","W"]
  ]
},
{
"id":"9x9_medium_015",
"puzzle":[
    [0,"W","T",0,"R",0,0,0,"E"],
    ["G","J","X",0,"L",0,0,"W",0],
    [0,"B","O",0,"G",0,"A","Q",0],
    [0,0,0,0,0,"F",0,0,0],
    [0,0,0,0,"X",0,0,0,"W"],
    ["A",0,0,"E",0,0,0,0,"X"],
    ["R","X","H",0,"C",0,0,"I","T"],
    ["B","V",0,0,"T","D","F","U","Y"],
    [0,0,0,"X","W","C",0,"Z",0]
  ],
"solution":[
    ["C","W","T","H","R","Z","L","S","E"],
    ["G","J","X","F","L","U","E","W","I"],
    ["L","B","O","W","G","Y","A","Q","M"],
    ["N","I","C","T","S","F","P","M","H"],
    ["F","P","A","Q","X","I","S","B","W"],
    ["A","T","P","E","V","H","R","Y","X"],
    ["R","X","H","U","C","E","G","I","T"],
    ["B","V","E","A","T","D","F","U","Y"],
    ["H","Q","R","X","W","C","M","Z","F"]
  ]
},
{
"id":"9x9_medium_016",
"puzzle":[
    [0,0,0,"L",0,"W",0,0,"G"],
    [0,0,"L",0,"V","Z",0,0,"H"],
    ["D","L",0,0,0,"P",0,"I","X"],
    ["A","O",0,"N",0,0,0,"Z","M"],
    ["F",0,0,0,0,0,"M",0,0],
    ["Z","F",0,"W",0,0,"C",0,"R"],
    ["N","P","Q","Z","I","D","T","K",0],
    ["W",0,"K","V",0,0,"H",0,0],
    ["S",0,"C","O",0,"Y",0,0,"K"]
  ],
"solution":[
    ["E","Y","N","L","M","W","S","H","G"],
    ["I","K","L","A","V","Z","J","M","H"],
    ["D","L","A","T","U","P","R","I","X"],
    ["A","O","D","N","C","B","Y","Z","M"],
    ["F","I","Y","D","R","X","M","T","O"],
    ["Z","F","O","W","D","T","C","B","R"],
    ["N","P","Q","Z","I","D","T","K","L"],
    ["W","G","K","V","A","M","H","L","B"],
    ["S","E","C","O","X","Y","V","G","K"]
  ]
},
{
"id":"9x9_medium_017",
"puzzle":[
    [0,0,0,0,"B",0,"F","K",0],
    ["S",0,"B",0,0,0,0,0,"C"],
    [0,"I",0,0,"W","G",0,0,0],
    ["E","V",0,0,0,"O","Z",0,"G"],
    [0,0,0,"X",0,0,"D",0,0],
    [0,"N","V",0,"S",0,"J",0,"K"],
    [0,"J","N","F",0,"X","Q","O",0],
    [0,0,"E","M","G",0,"A","Y",0],
    ["N","C","J",0,"Z",0,"G","L","Q"]
  ],
"solution":[
    ["W","G","H","N","B","Z","F","K","M"],
    ["S","Y","B","W","H","T","U","Z","C"],
    ["V","I","A","K","W","G","R","N","L"],
    ["E","V","L","C","N","O","Z","P","G"],
    ["A","P","Q","X","L","R","D","S","W"],
    ["G","N","V","U","S","M","J","W","K"],
    ["D","J","N","F","Y","X","Q","O","E"],
    ["C","U","E","M","G","L","A","Y","N"],
    ["N","C","J","B","Z","K","G","L","Q"]
  ]
},
{
"id":"9x9_medium_018",
"puzzle":[
    ["B",0,"G",0,"N","L",0,"E","T"],
    [0,"W","U","L",0,"H",0,"M",0],
    [0,"F","I","C",0,0,0,"R",0],
    [0,0,0,"T",0,"M",0,"N","Q"],
    [0,"Q",0,0,"D",0,0,"S",0],
    [0,0,"L",0,"S","I","O",0,0],
    [0,"X",0,"M","A","F",0,"V","R"],
    [0,0,0,"V",0,0,"G","P",0],
    ["Q","B",0,"E",0,0,0,"D","V"]
  ],
"solution":[
    ["B","Y","G","Q","N","L","H","E","T"],
    ["K","W","U","L","Z","H","E","M","D"],
    ["P","F","I","C","V","T","X","R","M"],
    ["C","P","A","T","K","M","B","N","Q"],
    ["G","Q","O","R","D","Y","T","S","P"],
    ["A","U","L","G","S","I","O","Z","C"],
    ["O","X","B","M","A","F","Y","V","R"],
    ["I","R","E","V","C","X","G","P","N"],
    ["Q","B","J","E","M","O","K","D","V"]
  ]
},
{
"id":"9x9_medium_019",
"puzzle":[
    ["F","O",0,0,0,0,0,"L",0],
    [0,0,"Y","N","G",0,"B",0,"T"],
    [0,"I","K",0,0,0,0,"A",0],
    [0,"M","B",0,0,"L","H",0,"R"],
    [0,"H","T","V","Y","B",0,0,0],
    [0,"B",0,"A",0,"X",0,0,"G"],
    [0,"T","Q",0,0,0,"L",0,"H"],
    [0,"Z",0,0,"Q",0,0,"S","I"],
    ["V",0,0,0,"U",0,0,0,0]
  ],
"solution":[
    ["F","O","D","G","A","E","U","L","X"],
    ["I","E","Y","N","G","F","B","W","T"],
    ["X","I","K","F","B","Q","W","A","L"],
    ["A","M","B","I","D","L","H","K","R"],
    ["M","H","T","V","Y","B","G","O","Z"],
    ["S","B","L","A","M","X","Y","Z","G"],
    ["W","T","Q","P","O","M","L","J","H"],
    ["B","Z","V","O","Q","R","C","S","I"],
    ["V","K","I","R","U","W","O","C","Q"]
  ]
},
{
"id":"9x9_medium_020",
"puzzle":[
    ["G",0,0,0,0,0,0,"S",0],
    [0,0,"Y",0,"W","U","H","L","C"],
    [0,"K",0,0,0,"W","M","X","O"],
    ["X",0,"Q",0,0,"G",0,"R",0],
    ["L","I",0,"P","U",0,0,"K",0],
    [0,0,0,0,"R",0,"W",0,0],
    [0,0,"M","X",0,0,"U","B",0],
    ["P",0,0,0,"O","N","T",0,0],
    ["R","W","E",0,"X",0,"D",0,0]
  ],
"solution":[
    ["G","X","Z","M","H","I","F","S","N"],
    ["V","Z","Y","A","W","U","H","L","C"],
    ["E","K","I","L","V","W","M","X","O"],
    ["X","J","Q","V","N","G","K","R","F"],
    ["L","I","H","P","U","C","N","K","J"],
    ["T","F","S","B","R","O","W","D","H"],
    ["I","A","M","X","F","D","U","B","P"],
    ["P","C","X","U","O","N","T","G","W"],
    ["R","W","E","Z","X","V","D","T","K"]
  ]
}
]
}
