[
{
"id":"WEEKLY_5x5_2025-12-01",
"week_start":"2025-12-01",
"week_end":"2025-12-07",
"challenge":1,
"puzzle":[
        [0,0,4,5,3],
        [0,0,0,0,0],
        [2,0,1,0,0],
        [0,0,0,0,0],
        [5,0,2,0,0]
      ],
"solution":[
        [1,2,4,5,3],
        [3,4,5,1,2],
        [2,3,1,4,5],
        [4,5,3,2,1],
        [5,1,2,3,4]
      ]
},
{
"id":"WEEKLY_5x5_2025-12-08",
"week_start":"2025-12-08",
"week_end":"2025-12-14",
"challenge":1,
"puzzle":[
        [0,0,0,3,2],
        [0,0,0,0,0],
        [3,0,2,0,0],
        [0,4,1,2,0],
        [0,0,3,0,0]
      ],
"solution":[
        [1,5,4,3,2],
        [2,3,5,4,1],
        [3,1,2,5,4],
        [5,4,1,2,3],
        [4,2,3,1,5]
      ]
},
{
"id":"WEEKLY_5x5_2025-12-15",
"week_start":"2025-12-15",
"week_end":"2025-12-21",
"challenge":1,
"puzzle":[
        [0,3,2,0,0],
        [0,0,0,0,5],
        [0,5,0,0,0],
        [0,0,3,0,2],
        [1,0,5,0,0]
      ],
"solution":[
        [5,3,2,1,4],
        [3,2,1,4,5],
        [2,5,4,3,1],
        [4,1,3,5,2],
        [1,4,5,2,3]
      ]
},
{
"id":"WEEKLY_5x5_2025-12-22",
"week_start":"2025-12-22",
"week_end":"2025-12-28",
"challenge":1,
"puzzle":[
        [0,0,0,0,0],
        [0,0,0,1,0],
        [0,0,2,4,0],
        [0,2,3,0,4],
        [0,0,0,3,0]
      ],
"solution":[
        [4,3,5,2,1],
        [2,5,4,1,3],
        [3,1,2,4,5],
        [1,2,3,5,4],
        [5,4,1,3,2]
      ]
},
{
"id":"WEEKLY_5x5_2025-12-29",
"week_start":"2025-12-29",
"week_end":"2026-01-04",
"challenge":1,
"puzzle":[
        [0,0,0,0,0],
        [0,3,0,0,0],
        [0,5,0,0,0],
        [0,0,2,3,1],
        [4,0,3,0,0]
      ],
"solution":[
        [3,2,1,4,5],
        [1,3,5,2,4],
        [2,5,4,1,3],
        [5,4,2,3,1],
        [4,1,3,5,2]
      ]
},
{
"id":"WEEKLY_5x5_2026-01-05",
"week_start":"2026-01-05",
"week_end":"2026-01-11",
"challenge":1,
"puzzle":[
        [1,0,0,0,2],
        [5,0,0,0,4],
        [0,5,0,0,1],
        [0,0,0,1,0],
        [0,0,0,0,0]
      ],
"solution":[
        [1,4,5,3,2],
        [5,1,3,2,4],
        [3,5,2,4,1],
        [2,3,4,1,5],
        [4,2,1,5,3]
      ]
},
{
"id":"WEEKLY_5x5_2026-01-12",
"week_start":"2026-01-12",
"week_end":"2026-01-18",
"challenge":1,
"puzzle":[
        [0,0,0,0,2],
        [0,0,0,2,1],
        [0,5,0,4,0],
        [0,0,2,0,5],
        [0,0,0,0,0]
      ],
"solution":[
        [5,3,4,1,2],
        [3,4,5,2,1],
        [2,5,1,4,3],
        [4,1,2,3,5],
        [1,2,3,5,4]
      ]
},
{
"id":"WEEKLY_5x5_2026-01-19",
"week_start":"2026-01-19",
"week_end":"2026-01-25",
"challenge":1,
"puzzle":[
        [4,2,0,0,0],
        [0,0,0,0,1],
        [0,0,0,0,0],
        [5,0,0,2,0],
        [1,0,0,0,2]
      ],
"solution":[
        [4,2,5,1,3],
        [2,4,3,5,1],
        [3,1,2,4,5],
        [5,3,1,2,4],
        [1,5,4,3,2]
      ]
},
{
"id":"WEEKLY_5x5_2026-01-26",
"week_start":"2026-01-26",
"week_end":"2026-02-01",
"challenge":1,
"puzzle":[
        [5,0,0,1,0],
        [0,0,0,0,0],
        [2,0,1,3,0],
        [0,1,0,0,4],
        [0,0,0,0,0]
      ],
"solution":[
        [5,2,4,1,3],
        [1,5,3,4,2],
        [2,4,1,3,5],
        [3,1,2,5,4],
        [4,3,5,2,1]
      ]
},
{
"id":"WEEKLY_5x5_2026-02-02",
"week_start":"2026-02-02",
"week_end":"2026-02-08",
"challenge":1,
"puzzle":[
        [2,0,0,0,1],
        [0,3,4,0,0],
        [0,0,1,0,3],
        [0,0,0,4,0],
        [0,0,0,0,0]
      ],
"solution":[
        [2,4,5,3,1],
        [5,3,4,1,2],
        [4,5,1,2,3],
        [3,1,2,4,5],
        [1,2,3,5,4]
      ]
},
{
"id":"WEEKLY_5x5_2026-02-09",
"week_start":"2026-02-09",
"week_end":"2026-02-15",
"challenge":1,
"puzzle":[
        [1,0,4,0,0],
        [0,0,0,0,0],
        [0,0,0,0,1],
        [0,1,3,0,0],
        [3,5,2,0,0]
      ],
"solution":[
        [1,2,4,5,3],
        [4,3,1,2,5],
        [2,4,5,3,1],
        [5,1,3,4,2],
        [3,5,2,1,4]
      ]
},
{
"id":"WEEKLY_5x5_2026-02-16",
"week_start":"2026-02-16",
"week_end":"2026-02-22",
"challenge":1,
"puzzle":[
        [2,0,0,1,4],
        [0,2,0,0,0],
        [3,0,0,0,0],
        [0,0,0,0,0],
        [4,1,0,0,2]
      ],
"solution":[
        [2,5,3,1,4],
        [5,2,1,4,3],
        [3,4,2,5,1],
        [1,3,4,2,5],
        [4,1,5,3,2]
      ]
},
{
"id":"WEEKLY_5x5_2026-02-23",
"week_start":"2026-02-23",
"week_end":"2026-03-01",
"challenge":1,
"puzzle":[
        [0,0,0,1,0],
        [0,2,0,0,0],
        [0,5,2,4,3],
        [0,1,0,0,2],
        [0,0,0,0,0]
      ],
"solution":[
        [2,4,3,1,5],
        [3,2,4,5,1],
        [1,5,2,4,3],
        [4,1,5,3,2],
        [5,3,1,2,4]
      ]
},
{
"id":"WEEKLY_5x5_2026-03-02",
"week_start":"2026-03-02",
"week_end":"2026-03-08",
"challenge":1,
"puzzle":[
        [0,0,1,0,0],
        [0,3,0,2,0],
        [0,0,4,0,0],
        [0,1,0,0,0],
        [0,4,0,5,1]
      ],
"solution":[
        [5,2,1,4,3],
        [1,3,5,2,4],
        [3,5,4,1,2],
        [4,1,2,3,5],
        [2,4,3,5,1]
      ]
},
{
"id":"WEEKLY_5x5_2026-03-09",
"week_start":"2026-03-09",
"week_end":"2026-03-15",
"challenge":1,
"puzzle":[
        [1,0,2,0,0],
        [0,4,0,0,0],
        [5,1,0,0,0],
        [0,0,0,5,0],
        [0,0,5,0,0]
      ],
"solution":[
        [1,5,2,3,4],
        [3,4,1,2,5],
        [5,1,3,4,2],
        [2,3,4,5,1],
        [4,2,5,1,3]
      ]
},
{
"id":"WEEKLY_5x5_2026-03-16",
"week_start":"2026-03-16",
"week_end":"2026-03-22",
"challenge":1,
"puzzle":[
        [0,0,2,0,3],
        [4,0,5,3,0],
        [0,0,0,0,0],
        [0,0,1,0,0],
        [0,0,0,4,0]
      ],
"solution":[
        [5,4,2,1,3],
        [4,2,5,3,1],
        [3,1,4,2,5],
        [2,3,1,5,4],
        [1,5,3,4,2]
      ]
},
{
"id":"WEEKLY_5x5_2026-03-23",
"week_start":"2026-03-23",
"week_end":"2026-03-29",
"challenge":1,
"puzzle":[
        [0,5,1,0,3],
        [0,0,0,5,0],
        [0,0,5,0,0],
        [0,0,0,4,0],
        [5,0,0,0,0]
      ],
"solution":[
        [4,5,1,2,3],
        [2,4,3,5,1],
        [3,2,5,1,4],
        [1,3,2,4,5],
        [5,1,4,3,2]
      ]
},
{
"id":"WEEKLY_5x5_2026-03-30",
"week_start":"2026-03-30",
"week_end":"2026-04-05",
"challenge":1,
"puzzle":[
        [0,0,0,1,0],
        [3,0,0,0,0],
        [1,0,2,0,0],
        [0,0,0,0,3],
        [0,3,0,5,2]
      ],
"solution":[
        [2,4,3,1,5],
        [3,2,5,4,1],
        [1,5,2,3,4],
        [5,1,4,2,3],
        [4,3,1,5,2]
      ]
},
{
"id":"WEEKLY_5x5_2026-04-06",
"week_start":"2026-04-06",
"week_end":"2026-04-12",
"challenge":1,
"puzzle":[
        [1,2,0,0,4],
        [0,0,0,2,0],
        [0,0,0,0,0],
        [5,0,2,3,0],
        [0,0,0,0,3]
      ],
"solution":[
        [1,2,3,5,4],
        [3,1,4,2,5],
        [4,3,5,1,2],
        [5,4,2,3,1],
        [2,5,1,4,3]
      ]
},
{
"id":"WEEKLY_5x5_2026-04-13",
"week_start":"2026-04-13",
"week_end":"2026-04-19",
"challenge":1,
"puzzle":[
        [0,0,1,3,0],
        [0,0,0,0,2],
        [0,0,0,0,3],
        [2,3,0,0,1],
        [1,0,0,0,0]
      ],
"solution":[
        [4,2,1,3,5],
        [3,1,4,5,2],
        [5,4,2,1,3],
        [2,3,5,4,1],
        [1,5,3,2,4]
      ]
},
{
"id":"WEEKLY_5x5_2026-04-20",
"week_start":"2026-04-20",
"week_end":"2026-04-26",
"challenge":1,
"puzzle":[
        [2,3,0,0,0],
        [0,0,0,0,5],
        [5,4,0,1,0],
        [0,0,0,0,0],
        [0,0,5,0,4]
      ],
"solution":[
        [2,3,4,5,1],
        [1,2,3,4,5],
        [5,4,2,1,3],
        [4,5,1,3,2],
        [3,1,5,2,4]
      ]
},
{
"id":"WEEKLY_5x5_2026-04-27",
"week_start":"2026-04-27",
"week_end":"2026-05-03",
"challenge":1,
"puzzle":[
        [0,0,0,0,2],
        [0,0,3,0,0],
        [0,0,0,2,0],
        [0,4,0,0,0],
        [4,2,0,3,0]
      ],
"solution":[
        [5,3,1,4,2],
        [2,5,3,1,4],
        [3,1,4,2,5],
        [1,4,2,5,3],
        [4,2,5,3,1]
      ]
},
{
"id":"WEEKLY_5x5_2026-05-04",
"week_start":"2026-05-04",
"week_end":"2026-05-10",
"challenge":1,
"puzzle":[
        [0,0,0,0,0],
        [0,3,0,2,5],
        [0,0,0,4,3],
        [0,0,0,1,2],
        [0,0,0,0,0]
      ],
"solution":[
        [3,1,2,5,4],
        [4,3,1,2,5],
        [1,2,5,4,3],
        [5,4,3,1,2],
        [2,5,4,3,1]
      ]
},
{
"id":"WEEKLY_5x5_2026-05-11",
"week_start":"2026-05-11",
"week_end":"2026-05-17",
"challenge":1,
"puzzle":[
        [3,1,0,0,0],
        [0,0,0,1,0],
        [0,0,0,5,0],
        [0,0,5,0,0],
        [0,5,1,0,2]
      ],
"solution":[
        [3,1,4,2,5],
        [5,2,3,1,4],
        [1,4,2,5,3],
        [2,3,5,4,1],
        [4,5,1,3,2]
      ]
},
{
"id":"WEEKLY_5x5_2026-05-18",
"week_start":"2026-05-18",
"week_end":"2026-05-24",
"challenge":1,
"puzzle":[
        [0,0,0,2,0],
        [2,0,0,1,0],
        [0,0,0,0,0],
        [0,0,1,4,0],
        [0,0,0,5,3]
      ],
"solution":[
        [1,4,3,2,5],
        [2,3,5,1,4],
        [5,2,4,3,1],
        [3,5,1,4,2],
        [4,1,2,5,3]
      ]
},
{
"id":"WEEKLY_5x5_2026-05-25",
"week_start":"2026-05-25",
"week_end":"2026-05-31",
"challenge":1,
"puzzle":[
        [0,0,1,0,0],
        [0,1,3,5,4],
        [0,0,0,0,0],
        [5,0,0,0,0],
        [0,0,2,4,0]
      ],
"solution":[
        [3,4,1,2,5],
        [2,1,3,5,4],
        [4,3,5,1,2],
        [5,2,4,3,1],
        [1,5,2,4,3]
      ]
},
{
"id":"WEEKLY_5x5_2026-06-01",
"week_start":"2026-06-01",
"week_end":"2026-06-07",
"challenge":1,
"puzzle":[
        [0,0,0,0,3],
        [4,0,3,0,0],
        [2,0,0,0,0],
        [0,0,0,0,2],
        [0,3,0,2,4]
      ],
"solution":[
        [1,5,2,4,3],
        [4,2,3,5,1],
        [2,1,4,3,5],
        [3,4,5,1,2],
        [5,3,1,2,4]
      ]
},
{
"id":"WEEKLY_5x5_2026-06-08",
"week_start":"2026-06-08",
"week_end":"2026-06-14",
"challenge":1,
"puzzle":[
        [5,4,0,0,0],
        [0,0,0,0,0],
        [0,0,1,0,0],
        [0,0,5,0,0],
        [4,2,3,0,0]
      ],
"solution":[
        [5,4,2,3,1],
        [2,1,4,5,3],
        [3,5,1,4,2],
        [1,3,5,2,4],
        [4,2,3,1,5]
      ]
},
{
"id":"WEEKLY_5x5_2026-06-15",
"week_start":"2026-06-15",
"week_end":"2026-06-21",
"challenge":1,
"puzzle":[
        [0,1,0,2,3],
        [0,0,0,0,5],
        [0,0,2,0,0],
        [0,2,0,0,0],
        [1,0,0,0,0]
      ],
"solution":[
        [4,1,5,2,3],
        [2,3,4,1,5],
        [3,5,2,4,1],
        [5,2,1,3,4],
        [1,4,3,5,2]
      ]
},
{
"id":"WEEKLY_5x5_2026-06-22",
"week_start":"2026-06-22",
"week_end":"2026-06-28",
"challenge":1,
"puzzle":[
        [0,4,2,0,0],
        [0,0,3,0,0],
        [0,0,4,0,3],
        [0,0,0,3,0],
        [0,0,0,1,4]
      ],
"solution":[
        [3,4,2,5,1],
        [5,1,3,4,2],
        [1,5,4,2,3],
        [4,2,1,3,5],
        [2,3,5,1,4]
      ]
},
{
"id":"WEEKLY_5x5_2026-06-29",
"week_start":"2026-06-29",
"week_end":"2026-07-05",
"challenge":1,
"puzzle":[
        [0,0,1,2,0],
        [4,0,3,0,0],
        [0,0,0,5,1],
        [0,0,0,0,0],
        [1,0,4,0,0]
      ],
"solution":[
        [5,3,1,2,4],
        [4,5,3,1,2],
        [3,4,2,5,1],
        [2,1,5,4,3],
        [1,2,4,3,5]
      ]
},
{
"id":"WEEKLY_5x5_2026-07-06",
"week_start":"2026-07-06",
"week_end":"2026-07-12",
"challenge":1,
"puzzle":[
        [0,0,5,0,3],
        [2,0,4,0,0],
        [0,4,0,0,0],
        [0,0,0,0,0],
        [4,0,1,0,0]
      ],
"solution":[
        [1,2,5,4,3],
        [2,1,4,3,5],
        [5,4,3,2,1],
        [3,5,2,1,4],
        [4,3,1,5,2]
      ]
},
{
"id":"WEEKLY_5x5_2026-07-13",
"week_start":"2026-07-13",
"week_end":"2026-07-19",
"challenge":1,
"puzzle":[
        [4,5,0,0,0],
        [0,0,0,0,1],
        [0,0,2,3,0],
        [0,0,0,1,0],
        [0,4,0,0,2]
      ],
"solution":[
        [4,5,1,2,3],
        [3,2,5,4,1],
        [5,1,2,3,4],
        [2,3,4,1,5],
        [1,4,3,5,2]
      ]
},
{
"id":"WEEKLY_5x5_2026-07-20",
"week_start":"2026-07-20",
"week_end":"2026-07-26",
"challenge":1,
"puzzle":[
        [0,5,1,4,3],
        [0,0,0,0,0],
        [0,0,0,0,0],
        [0,0,2,0,0],
        [4,0,0,0,5]
      ],
"solution":[
        [2,5,1,4,3],
        [5,1,4,3,2],
        [3,4,5,2,1],
        [1,3,2,5,4],
        [4,2,3,1,5]
      ]
},
{
"id":"WEEKLY_5x5_2026-07-27",
"week_start":"2026-07-27",
"week_end":"2026-08-02",
"challenge":1,
"puzzle":[
        [0,0,4,0,0],
        [0,1,0,0,3],
        [0,2,0,5,0],
        [4,0,0,0,0],
        [0,0,5,0,2]
      ],
"solution":[
        [2,3,4,1,5],
        [5,1,2,4,3],
        [3,2,1,5,4],
        [4,5,3,2,1],
        [1,4,5,3,2]
      ]
},
{
"id":"WEEKLY_5x5_2026-08-03",
"week_start":"2026-08-03",
"week_end":"2026-08-09",
"challenge":1,
"puzzle":[
        [0,3,0,0,0],
        [2,0,4,0,0],
        [0,0,0,0,0],
        [5,4,3,0,0],
        [0,5,0,4,0]
      ],
"solution":[
        [4,3,1,2,5],
        [2,1,4,5,3],
        [1,2,5,3,4],
        [5,4,3,1,2],
        [3,5,2,4,1]
      ]
},
{
"id":"WEEKLY_5x5_2026-08-10",
"week_start":"2026-08-10",
"week_end":"2026-08-16",
"challenge":1,
"puzzle":[
        [0,5,0,0,0],
        [0,0,0,4,2],
        [0,0,0,0,0],
        [1,0,3,0,5],
        [0,1,0,0,3]
      ],
"solution":[
        [3,5,2,1,4],
        [5,3,1,4,2],
        [4,2,5,3,1],
        [1,4,3,2,5],
        [2,1,4,5,3]
      ]
},
{
"id":"WEEKLY_5x5_2026-08-17",
"week_start":"2026-08-17",
"week_end":"2026-08-23",
"challenge":1,
"puzzle":[
        [0,3,0,0,2],
        [5,2,4,0,1],
        [0,0,0,0,0],
        [0,0,0,0,0],
        [0,5,0,0,3]
      ],
"solution":[
        [4,3,1,5,2],
        [5,2,4,3,1],
        [3,1,5,2,4],
        [2,4,3,1,5],
        [1,5,2,4,3]
      ]
},
{
"id":"WEEKLY_5x5_2026-08-24",
"week_start":"2026-08-24",
"week_end":"2026-08-30",
"challenge":1,
"puzzle":[
        [0,4,1,0,0],
        [2,1,0,0,5],
        [0,0,0,0,0],
        [0,5,3,0,0],
        [0,0,0,0,0]
      ],
"solution":[
        [5,4,1,2,3],
        [2,1,4,3,5],
        [3,2,5,4,1],
        [4,5,3,1,2],
        [1,3,2,5,4]
      ]
},
{
"id":"WEEKLY_5x5_2026-08-31",
"week_start":"2026-08-31",
"week_end":"2026-09-06",
"challenge":1,
"puzzle":[
        [0,0,3,0,0],
        [0,0,0,0,1],
        [1,0,0,0,0],
        [4,0,0,0,3],
        [3,0,5,0,0]
      ],
"solution":[
        [2,1,3,5,4],
        [5,3,2,4,1],
        [1,2,4,3,5],
        [4,5,1,2,3],
        [3,4,5,1,2]
      ]
},
{
"id":"WEEKLY_5x5_2026-09-07",
"week_start":"2026-09-07",
"week_end":"2026-09-13",
"challenge":1,
"puzzle":[
        [0,0,0,2,0],
        [0,0,2,1,5],
        [0,0,0,5,0],
        [2,0,5,0,0],
        [0,0,0,0,0]
      ],
"solution":[
        [1,5,4,2,3],
        [4,3,2,1,5],
        [3,4,1,5,2],
        [2,1,5,3,4],
        [5,2,3,4,1]
      ]
},
{
"id":"WEEKLY_5x5_2026-09-14",
"week_start":"2026-09-14",
"week_end":"2026-09-20",
"challenge":1,
"puzzle":[
        [3,0,0,4,0],
        [0,1,0,0,2],
        [0,0,0,0,4],
        [0,4,0,0,3],
        [0,0,0,1,0]
      ],
"solution":[
        [3,5,2,4,1],
        [4,1,3,5,2],
        [1,2,5,3,4],
        [5,4,1,2,3],
        [2,3,4,1,5]
      ]
},
{
"id":"WEEKLY_5x5_2026-09-21",
"week_start":"2026-09-21",
"week_end":"2026-09-27",
"challenge":1,
"puzzle":[
        [0,0,5,0,0],
        [0,0,1,3,0],
        [2,5,0,0,0],
        [0,0,0,5,0],
        [0,0,0,4,0]
      ],
"solution":[
        [4,1,5,2,3],
        [5,4,1,3,2],
        [2,5,3,1,4],
        [3,2,4,5,1],
        [1,3,2,4,5]
      ]
},
{
"id":"WEEKLY_5x5_2026-09-28",
"week_start":"2026-09-28",
"week_end":"2026-10-04",
"challenge":1,
"puzzle":[
        [5,2,0,0,0],
        [0,0,0,0,1],
        [0,0,0,5,2],
        [0,5,2,0,0],
        [0,0,0,0,0]
      ],
"solution":[
        [5,2,1,3,4],
        [3,4,5,2,1],
        [1,3,4,5,2],
        [4,5,2,1,3],
        [2,1,3,4,5]
      ]
},
{
"id":"WEEKLY_5x5_2026-10-05",
"week_start":"2026-10-05",
"week_end":"2026-10-11",
"challenge":1,
"puzzle":[
        [0,0,4,3,1],
        [0,0,0,0,0],
        [3,0,1,0,5],
        [0,0,0,0,0],
        [0,0,0,4,0]
      ],
"solution":[
        [2,5,4,3,1],
        [4,2,5,1,3],
        [3,4,1,2,5],
        [1,3,2,5,4],
        [5,1,3,4,2]
      ]
},
{
"id":"WEEKLY_5x5_2026-10-12",
"week_start":"2026-10-12",
"week_end":"2026-10-18",
"challenge":1,
"puzzle":[
        [2,0,0,0,0],
        [0,1,5,0,0],
        [0,0,0,0,0],
        [5,0,1,0,0],
        [3,5,2,0,0]
      ],
"solution":[
        [2,3,4,1,5],
        [4,1,5,2,3],
        [1,4,3,5,2],
        [5,2,1,3,4],
        [3,5,2,4,1]
      ]
},
{
"id":"WEEKLY_5x5_2026-10-19",
"week_start":"2026-10-19",
"week_end":"2026-10-25",
"challenge":1,
"puzzle":[
        [0,0,1,4,0],
        [0,2,3,0,4],
        [0,0,0,0,0],
        [0,0,2,0,0],
        [0,4,0,0,0]
      ],
"solution":[
        [2,3,1,4,5],
        [1,2,3,5,4],
        [5,1,4,2,3],
        [4,5,2,3,1],
        [3,4,5,1,2]
      ]
},
{
"id":"WEEKLY_5x5_2026-10-26",
"week_start":"2026-10-26",
"week_end":"2026-11-01",
"challenge":1,
"puzzle":[
        [0,0,0,0,1],
        [2,3,1,0,0],
        [0,0,4,0,2],
        [0,2,0,0,0],
        [0,0,0,0,0]
      ],
"solution":[
        [3,5,2,4,1],
        [2,3,1,5,4],
        [5,1,4,3,2],
        [4,2,5,1,3],
        [1,4,3,2,5]
      ]
},
{
"id":"WEEKLY_5x5_2026-11-02",
"week_start":"2026-11-02",
"week_end":"2026-11-08",
"challenge":1,
"puzzle":[
        [5,0,0,0,3],
        [0,0,0,0,2],
        [0,0,0,3,0],
        [0,0,5,1,0],
        [3,0,0,4,0]
      ],
"solution":[
        [5,1,4,2,3],
        [1,4,3,5,2],
        [4,5,2,3,1],
        [2,3,5,1,4],
        [3,2,1,4,5]
      ]
},
{
"id":"WEEKLY_5x5_2026-11-09",
"week_start":"2026-11-09",
"week_end":"2026-11-15",
"challenge":1,
"puzzle":[
        [0,5,0,0,0],
        [0,0,5,0,0],
        [0,2,0,0,0],
        [2,0,1,3,5],
        [0,0,0,4,0]
      ],
"solution":[
        [3,5,2,1,4],
        [4,3,5,2,1],
        [1,2,4,5,3],
        [2,4,1,3,5],
        [5,1,3,4,2]
      ]
},
{
"id":"WEEKLY_5x5_2026-11-16",
"week_start":"2026-11-16",
"week_end":"2026-11-22",
"challenge":1,
"puzzle":[
        [0,1,5,0,3],
        [0,0,2,0,0],
        [0,4,0,1,0],
        [0,2,0,0,0],
        [0,0,0,0,0]
      ],
"solution":[
        [4,1,5,2,3],
        [3,5,2,4,1],
        [5,4,3,1,2],
        [1,2,4,3,5],
        [2,3,1,5,4]
      ]
},
{
"id":"WEEKLY_5x5_2026-11-23",
"week_start":"2026-11-23",
"week_end":"2026-11-29",
"challenge":1,
"puzzle":[
        [0,3,2,0,0],
        [0,0,0,0,0],
        [2,0,0,0,3],
        [0,4,0,2,5],
        [4,0,0,0,0]
      ],
"solution":[
        [5,3,2,1,4],
        [3,2,4,5,1],
        [2,1,5,4,3],
        [1,4,3,2,5],
        [4,5,1,3,2]
      ]
},
{
"id":"WEEKLY_5x5_2026-11-30",
"week_start":"2026-11-30",
"week_end":"2026-12-06",
"challenge":1,
"puzzle":[
        [0,0,0,0,5],
        [5,0,0,2,0],
        [0,0,0,4,3],
        [0,0,0,3,4],
        [0,0,0,5,0]
      ],
"solution":[
        [4,2,3,1,5],
        [5,3,4,2,1],
        [1,5,2,4,3],
        [2,1,5,3,4],
        [3,4,1,5,2]
      ]
},
{
"id":"WEEKLY_5x5_2026-12-07",
"week_start":"2026-12-07",
"week_end":"2026-12-13",
"challenge":1,
"puzzle":[
        [0,0,0,5,1],
        [3,0,0,0,4],
        [2,0,0,0,0],
        [0,0,0,3,2],
        [0,0,0,0,0]
      ],
"solution":[
        [4,2,3,5,1],
        [3,5,2,1,4],
        [2,3,1,4,5],
        [1,4,5,3,2],
        [5,1,4,2,3]
      ]
},
{
"id":"WEEKLY_5x5_2026-12-14",
"week_start":"2026-12-14",
"week_end":"2026-12-20",
"challenge":1,
"puzzle":[
        [1,3,0,5,0],
        [0,0,0,0,0],
        [0,0,0,0,0],
        [0,0,1,0,0],
        [3,0,5,2,1]
      ],
"solution":[
        [1,3,2,5,4],
        [4,2,3,1,5],
        [5,1,4,3,2],
        [2,5,1,4,3],
        [3,4,5,2,1]
      ]
},
{
"id":"WEEKLY_5x5_2026-12-21",
"week_start":"2026-12-21",
"week_end":"2026-12-27",
"challenge":1,
"puzzle":[
        [0,2,0,0,1],
        [0,0,0,0,2],
        [0,0,0,4,0],
        [0,0,3,0,4],
        [0,0,4,2,0]
      ],
"solution":[
        [4,2,5,3,1],
        [3,4,1,5,2],
        [1,3,2,4,5],
        [2,5,3,1,4],
        [5,1,4,2,3]
      ]
},
{
"id":"WEEKLY_5x5_2026-12-28",
"week_start":"2026-12-28",
"week_end":"2027-01-03",
"challenge":1,
"puzzle":[
        [0,0,1,0,0],
        [1,0,0,0,0],
        [0,5,2,0,3],
        [0,1,4,0,0],
        [0,0,3,0,0]
      ],
"solution":[
        [5,3,1,4,2],
        [1,2,5,3,4],
        [4,5,2,1,3],
        [3,1,4,2,5],
        [2,4,3,5,1]
      ]
},
{
"id":"WEEKLY_5x5_2027-01-04",
"week_start":"2027-01-04",
"week_end":"2027-01-10",
"challenge":1,
"puzzle":[
        [0,0,0,0,0],
        [4,1,0,3,0],
        [1,0,3,2,0],
        [5,0,0,0,0],
        [0,0,1,0,0]
      ],
"solution":[
        [3,2,4,5,1],
        [4,1,5,3,2],
        [1,5,3,2,4],
        [5,4,2,1,3],
        [2,3,1,4,5]
      ]
},
{
"id":"WEEKLY_5x5_2027-01-11",
"week_start":"2027-01-11",
"week_end":"2027-01-17",
"challenge":1,
"puzzle":[
        [3,1,0,0,0],
        [0,4,0,2,0],
        [4,0,0,0,0],
        [5,0,0,0,0],
        [0,5,4,0,0]
      ],
"solution":[
        [3,1,5,4,2],
        [1,4,3,2,5],
        [4,2,1,5,3],
        [5,3,2,1,4],
        [2,5,4,3,1]
      ]
},
{
"id":"WEEKLY_5x5_2027-01-18",
"week_start":"2027-01-18",
"week_end":"2027-01-24",
"challenge":1,
"puzzle":[
        [0,1,0,0,0],
        [4,0,1,5,0],
        [5,0,0,4,0],
        [0,0,3,2,0],
        [0,0,0,0,0]
      ],
"solution":[
        [2,1,4,3,5],
        [4,2,1,5,3],
        [5,3,2,4,1],
        [1,5,3,2,4],
        [3,4,5,1,2]
      ]
},
{
"id":"WEEKLY_5x5_2027-01-25",
"week_start":"2027-01-25",
"week_end":"2027-01-31",
"challenge":1,
"puzzle":[
        [0,0,0,0,0],
        [1,3,0,0,0],
        [0,0,3,0,0],
        [0,0,0,2,1],
        [4,5,0,0,0]
      ],
"solution":[
        [2,1,4,5,3],
        [1,3,2,4,5],
        [5,2,3,1,4],
        [3,4,5,2,1],
        [4,5,1,3,2]
      ]
},
{
"id":"WEEKLY_5x5_2027-02-01",
"week_start":"2027-02-01",
"week_end":"2027-02-07",
"challenge":1,
"puzzle":[
        [0,2,0,0,0],
        [1,0,0,2,0],
        [0,0,5,0,0],
        [0,3,4,0,2],
        [0,0,0,0,1]
      ],
"solution":[
        [3,2,1,5,4],
        [1,4,3,2,5],
        [2,1,5,4,3],
        [5,3,4,1,2],
        [4,5,2,3,1]
      ]
},
{
"id":"WEEKLY_5x5_2027-02-08",
"week_start":"2027-02-08",
"week_end":"2027-02-14",
"challenge":1,
"puzzle":[
        [0,4,0,0,0],
        [5,0,0,0,0],
        [4,0,1,0,0],
        [1,0,0,2,5],
        [0,0,0,0,0]
      ],
"solution":[
        [2,4,5,3,1],
        [5,1,3,4,2],
        [4,2,1,5,3],
        [1,3,4,2,5],
        [3,5,2,1,4]
      ]
},
{
"id":"WEEKLY_5x5_2027-02-15",
"week_start":"2027-02-15",
"week_end":"2027-02-21",
"challenge":1,
"puzzle":[
        [0,0,0,0,0],
        [0,0,2,5,0],
        [4,3,0,0,0],
        [0,2,0,4,1],
        [0,0,0,0,0]
      ],
"solution":[
        [2,4,1,3,5],
        [3,1,2,5,4],
        [4,3,5,1,2],
        [5,2,3,4,1],
        [1,5,4,2,3]
      ]
},
{
"id":"WEEKLY_5x5_2027-02-22",
"week_start":"2027-02-22",
"week_end":"2027-02-28",
"challenge":1,
"puzzle":[
        [0,5,0,1,0],
        [0,0,4,0,0],
        [1,0,3,0,0],
        [3,0,5,0,0],
        [0,0,0,0,0]
      ],
"solution":[
        [4,5,2,1,3],
        [2,3,4,5,1],
        [1,4,3,2,5],
        [3,1,5,4,2],
        [5,2,1,3,4]
      ]
},
{
"id":"WEEKLY_5x5_2027-03-01",
"week_start":"2027-03-01",
"week_end":"2027-03-07",
"challenge":1,
"puzzle":[
        [1,0,3,0,0],
        [3,0,0,0,0],
        [2,0,0,0,0],
        [4,0,2,0,0],
        [0,0,0,0,2]
      ],
"solution":[
        [1,2,3,5,4],
        [3,5,4,2,1],
        [2,4,5,1,3],
        [4,1,2,3,5],
        [5,3,1,4,2]
      ]
},
{
"id":"WEEKLY_5x5_2027-03-08",
"week_start":"2027-03-08",
"week_end":"2027-03-14",
"challenge":1,
"puzzle":[
        [0,0,3,0,0],
        [0,0,4,0,0],
        [0,4,1,3,0],
        [4,5,0,0,0],
        [0,0,0,0,0]
      ],
"solution":[
        [2,1,3,4,5],
        [3,2,4,5,1],
        [5,4,1,3,2],
        [4,5,2,1,3],
        [1,3,5,2,4]
      ]
},
{
"id":"WEEKLY_5x5_2027-03-15",
"week_start":"2027-03-15",
"week_end":"2027-03-21",
"challenge":1,
"puzzle":[
        [0,0,0,3,0],
        [0,0,3,0,2],
        [0,0,0,0,0],
        [2,0,0,4,0],
        [4,3,5,0,0]
      ],
"solution":[
        [1,2,4,3,5],
        [5,4,3,1,2],
        [3,1,2,5,4],
        [2,5,1,4,3],
        [4,3,5,2,1]
      ]
},
{
"id":"WEEKLY_5x5_2027-03-22",
"week_start":"2027-03-22",
"week_end":"2027-03-28",
"challenge":1,
"puzzle":[
        [0,0,5,0,0],
        [0,0,0,5,0],
        [0,0,2,0,0],
        [0,0,3,2,0],
        [4,0,0,3,5]
      ],
"solution":[
        [2,3,5,4,1],
        [3,1,4,5,2],
        [5,4,2,1,3],
        [1,5,3,2,4],
        [4,2,1,3,5]
      ]
},
{
"id":"WEEKLY_5x5_2027-03-29",
"week_start":"2027-03-29",
"week_end":"2027-04-04",
"challenge":1,
"puzzle":[
        [3,0,5,0,0],
        [0,3,0,0,4],
        [0,1,0,0,2],
        [0,4,3,0,0],
        [0,0,0,0,0]
      ],
"solution":[
        [3,2,5,4,1],
        [1,3,2,5,4],
        [5,1,4,3,2],
        [2,4,3,1,5],
        [4,5,1,2,3]
      ]
},
{
"id":"WEEKLY_5x5_2027-04-05",
"week_start":"2027-04-05",
"week_end":"2027-04-11",
"challenge":1,
"puzzle":[
        [0,0,0,5,0],
        [0,0,0,0,4],
        [0,0,5,0,3],
        [0,3,2,0,0],
        [0,0,1,0,0]
      ],
"solution":[
        [3,1,4,5,2],
        [2,5,3,1,4],
        [1,4,5,2,3],
        [5,3,2,4,1],
        [4,2,1,3,5]
      ]
},
{
"id":"WEEKLY_5x5_2027-04-12",
"week_start":"2027-04-12",
"week_end":"2027-04-18",
"challenge":1,
"puzzle":[
        [0,0,4,0,0],
        [0,3,5,0,0],
        [0,0,3,0,2],
        [0,0,0,0,4],
        [0,4,0,0,0]
      ],
"solution":[
        [3,2,4,1,5],
        [2,3,5,4,1],
        [4,1,3,5,2],
        [1,5,2,3,4],
        [5,4,1,2,3]
      ]
},
{
"id":"WEEKLY_5x5_2027-04-19",
"week_start":"2027-04-19",
"week_end":"2027-04-25",
"challenge":1,
"puzzle":[
        [0,0,5,0,3],
        [0,0,4,0,0],
        [0,0,0,0,1],
        [4,0,1,0,0],
        [3,0,0,0,0]
      ],
"solution":[
        [2,1,5,4,3],
        [1,2,4,3,5],
        [5,4,3,2,1],
        [4,3,1,5,2],
        [3,5,2,1,4]
      ]
},
{
"id":"WEEKLY_5x5_2027-04-26",
"week_start":"2027-04-26",
"week_end":"2027-05-02",
"challenge":1,
"puzzle":[
        [0,1,0,3,0],
        [0,0,0,2,0],
        [2,0,0,0,0],
        [0,0,5,0,1],
        [1,0,2,0,0]
      ],
"solution":[
        [5,1,4,3,2],
        [4,3,1,2,5],
        [2,5,3,1,4],
        [3,2,5,4,1],
        [1,4,2,5,3]
      ]
},
{
"id":"WEEKLY_5x5_2027-05-03",
"week_start":"2027-05-03",
"week_end":"2027-05-09",
"challenge":1,
"puzzle":[
        [4,1,2,0,3],
        [0,0,0,2,0],
        [0,0,3,0,0],
        [0,2,0,3,0],
        [0,0,0,0,0]
      ],
"solution":[
        [4,1,2,5,3],
        [3,5,4,2,1],
        [2,4,3,1,5],
        [5,2,1,3,4],
        [1,3,5,4,2]
      ]
},
{
"id":"WEEKLY_5x5_2027-05-10",
"week_start":"2027-05-10",
"week_end":"2027-05-16",
"challenge":1,
"puzzle":[
        [0,0,0,0,0],
        [0,0,1,0,3],
        [0,0,0,0,2],
        [1,0,4,0,0],
        [2,0,0,3,0]
      ],
"solution":[
        [3,5,2,1,4],
        [4,2,1,5,3],
        [5,1,3,4,2],
        [1,3,4,2,5],
        [2,4,5,3,1]
      ]
},
{
"id":"WEEKLY_5x5_2027-05-17",
"week_start":"2027-05-17",
"week_end":"2027-05-23",
"challenge":1,
"puzzle":[
        [0,0,0,0,0],
        [1,2,4,0,5],
        [0,1,0,4,0],
        [0,0,0,0,0],
        [3,4,0,0,0]
      ],
"solution":[
        [2,3,5,1,4],
        [1,2,4,3,5],
        [5,1,3,4,2],
        [4,5,1,2,3],
        [3,4,2,5,1]
      ]
},
{
"id":"WEEKLY_5x5_2027-05-24",
"week_start":"2027-05-24",
"week_end":"2027-05-30",
"challenge":1,
"puzzle":[
        [0,0,0,0,3],
        [0,0,0,0,5],
        [0,0,2,0,1],
        [0,5,0,0,0],
        [0,2,0,0,4]
      ],
"solution":[
        [5,4,1,2,3],
        [2,1,4,3,5],
        [4,3,2,5,1],
        [1,5,3,4,2],
        [3,2,5,1,4]
      ]
},
{
"id":"WEEKLY_5x5_2027-05-31",
"week_start":"2027-05-31",
"week_end":"2027-06-06",
"challenge":1,
"puzzle":[
        [0,1,0,0,0],
        [0,0,0,0,0],
        [5,0,0,1,2],
        [1,5,3,0,0],
        [0,0,0,0,0]
      ],
"solution":[
        [3,1,2,4,5],
        [2,4,1,5,3],
        [5,3,4,1,2],
        [1,5,3,2,4],
        [4,2,5,3,1]
      ]
},
{
"id":"WEEKLY_5x5_2027-06-07",
"week_start":"2027-06-07",
"week_end":"2027-06-13",
"challenge":1,
"puzzle":[
        [0,0,2,0,1],
        [0,0,0,0,0],
        [2,0,4,0,0],
        [0,2,0,0,3],
        [0,1,0,0,0]
      ],
"solution":[
        [3,4,2,5,1],
        [1,5,3,2,4],
        [2,3,4,1,5],
        [5,2,1,4,3],
        [4,1,5,3,2]
      ]
},
{
"id":"WEEKLY_5x5_2027-06-14",
"week_start":"2027-06-14",
"week_end":"2027-06-20",
"challenge":1,
"puzzle":[
        [0,1,0,0,0],
        [5,4,0,0,1],
        [0,0,3,0,2],
        [0,0,0,0,0],
        [1,0,0,0,0]
      ],
"solution":[
        [2,1,4,5,3],
        [5,4,2,3,1],
        [4,5,3,1,2],
        [3,2,1,4,5],
        [1,3,5,2,4]
      ]
},
{
"id":"WEEKLY_5x5_2027-06-21",
"week_start":"2027-06-21",
"week_end":"2027-06-27",
"challenge":1,
"puzzle":[
        [0,0,0,0,0],
        [0,1,0,0,0],
        [0,3,2,0,0],
        [0,2,1,5,0],
        [0,0,5,0,0]
      ],
"solution":[
        [1,5,4,2,3],
        [5,1,3,4,2],
        [4,3,2,1,5],
        [3,2,1,5,4],
        [2,4,5,3,1]
      ]
},
{
"id":"WEEKLY_5x5_2027-06-28",
"week_start":"2027-06-28",
"week_end":"2027-07-04",
"challenge":1,
"puzzle":[
        [0,0,0,0,0],
        [0,2,0,0,3],
        [2,1,0,0,0],
        [0,4,0,3,1],
        [0,0,0,1,0]
      ],
"solution":[
        [1,3,5,2,4],
        [4,2,1,5,3],
        [2,1,3,4,5],
        [5,4,2,3,1],
        [3,5,4,1,2]
      ]
},
{
"id":"WEEKLY_5x5_2027-07-05",
"week_start":"2027-07-05",
"week_end":"2027-07-11",
"challenge":1,
"puzzle":[
        [0,0,0,2,0],
        [3,0,0,0,2],
        [0,5,0,0,0],
        [0,0,0,0,0],
        [4,0,0,5,3]
      ],
"solution":[
        [5,1,3,2,4],
        [3,4,5,1,2],
        [2,5,4,3,1],
        [1,3,2,4,5],
        [4,2,1,5,3]
      ]
},
{
"id":"WEEKLY_5x5_2027-07-12",
"week_start":"2027-07-12",
"week_end":"2027-07-18",
"challenge":1,
"puzzle":[
        [0,3,0,0,4],
        [0,0,0,0,0],
        [0,5,0,2,0],
        [0,2,0,0,0],
        [2,0,1,0,0]
      ],
"solution":[
        [5,3,2,1,4],
        [4,1,3,5,2],
        [1,5,4,2,3],
        [3,2,5,4,1],
        [2,4,1,3,5]
      ]
},
{
"id":"WEEKLY_5x5_2027-07-19",
"week_start":"2027-07-19",
"week_end":"2027-07-25",
"challenge":1,
"puzzle":[
        [4,0,0,5,1],
        [0,0,1,0,4],
        [0,0,0,0,0],
        [0,4,0,2,0],
        [0,0,0,0,0]
      ],
"solution":[
        [4,2,3,5,1],
        [2,5,1,3,4],
        [5,3,4,1,2],
        [1,4,5,2,3],
        [3,1,2,4,5]
      ]
},
{
"id":"WEEKLY_5x5_2027-07-26",
"week_start":"2027-07-26",
"week_end":"2027-08-01",
"challenge":1,
"puzzle":[
        [0,3,0,0,0],
        [0,0,5,4,3],
        [0,5,0,0,0],
        [0,0,0,0,0],
        [0,2,4,0,0]
      ],
"solution":[
        [5,3,1,2,4],
        [2,1,5,4,3],
        [4,5,2,3,1],
        [1,4,3,5,2],
        [3,2,4,1,5]
      ]
},
{
"id":"WEEKLY_5x5_2027-08-02",
"week_start":"2027-08-02",
"week_end":"2027-08-08",
"challenge":1,
"puzzle":[
        [0,0,0,0,4],
        [2,0,0,4,0],
        [0,0,4,1,0],
        [4,0,3,0,0],
        [0,0,0,0,0]
      ],
"solution":[
        [1,5,2,3,4],
        [2,3,1,4,5],
        [5,2,4,1,3],
        [4,1,3,5,2],
        [3,4,5,2,1]
      ]
},
{
"id":"WEEKLY_5x5_2027-08-09",
"week_start":"2027-08-09",
"week_end":"2027-08-15",
"challenge":1,
"puzzle":[
        [0,3,0,2,0],
        [0,0,0,0,3],
        [0,5,0,0,0],
        [3,0,0,0,2],
        [0,2,0,0,0]
      ],
"solution":[
        [4,3,1,2,5],
        [2,1,4,5,3],
        [1,5,2,3,4],
        [3,4,5,1,2],
        [5,2,3,4,1]
      ]
},
{
"id":"WEEKLY_5x5_2027-08-16",
"week_start":"2027-08-16",
"week_end":"2027-08-22",
"challenge":1,
"puzzle":[
        [0,5,0,0,0],
        [0,0,0,0,0],
        [1,0,0,0,0],
        [0,4,1,2,5],
        [0,0,0,5,1]
      ],
"solution":[
        [4,5,3,1,2],
        [5,1,2,3,4],
        [1,2,5,4,3],
        [3,4,1,2,5],
        [2,3,4,5,1]
      ]
},
{
"id":"WEEKLY_5x5_2027-08-23",
"week_start":"2027-08-23",
"week_end":"2027-08-29",
"challenge":1,
"puzzle":[
        [0,0,3,0,2],
        [2,0,0,0,0],
        [0,0,2,3,4],
        [0,0,0,0,0],
        [3,0,0,0,0]
      ],
"solution":[
        [1,4,3,5,2],
        [2,5,1,4,3],
        [5,1,2,3,4],
        [4,3,5,2,1],
        [3,2,4,1,5]
      ]
},
{
"id":"WEEKLY_5x5_2027-08-30",
"week_start":"2027-08-30",
"week_end":"2027-09-05",
"challenge":1,
"puzzle":[
        [0,0,0,0,0],
        [2,5,0,1,3],
        [5,0,0,0,0],
        [3,0,0,4,0],
        [0,0,1,0,0]
      ],
"solution":[
        [1,4,3,2,5],
        [2,5,4,1,3],
        [5,1,2,3,4],
        [3,2,5,4,1],
        [4,3,1,5,2]
      ]
},
{
"id":"WEEKLY_5x5_2027-09-06",
"week_start":"2027-09-06",
"week_end":"2027-09-12",
"challenge":1,
"puzzle":[
        [0,3,1,0,0],
        [0,0,3,0,4],
        [2,4,0,1,0],
        [0,0,0,0,5],
        [0,0,0,0,0]
      ],
"solution":[
        [5,3,1,4,2],
        [1,5,3,2,4],
        [2,4,5,1,3],
        [4,1,2,3,5],
        [3,2,4,5,1]
      ]
},
{
"id":"WEEKLY_5x5_2027-09-13",
"week_start":"2027-09-13",
"week_end":"2027-09-19",
"challenge":1,
"puzzle":[
        [0,0,4,0,0],
        [0,0,0,0,0],
        [0,1,0,5,2],
        [0,5,2,4,0],
        [0,0,1,0,0]
      ],
"solution":[
        [2,3,4,1,5],
        [1,2,5,3,4],
        [4,1,3,5,2],
        [3,5,2,4,1],
        [5,4,1,2,3]
      ]
},
{
"id":"WEEKLY_5x5_2027-09-20",
"week_start":"2027-09-20",
"week_end":"2027-09-26",
"challenge":1,
"puzzle":[
        [0,0,1,4,0],
        [2,0,0,0,0],
        [5,0,0,3,0],
        [4,0,0,0,0],
        [0,4,0,0,0]
      ],
"solution":[
        [3,5,1,4,2],
        [2,3,4,1,5],
        [5,1,2,3,4],
        [4,2,3,5,1],
        [1,4,5,2,3]
      ]
},
{
"id":"WEEKLY_5x5_2027-09-27",
"week_start":"2027-09-27",
"week_end":"2027-10-03",
"challenge":1,
"puzzle":[
        [0,0,0,0,0],
        [0,0,0,5,3],
        [0,0,1,0,2],
        [0,0,0,0,1],
        [0,1,3,0,0]
      ],
"solution":[
        [3,5,2,1,4],
        [1,2,4,5,3],
        [5,3,1,4,2],
        [2,4,5,3,1],
        [4,1,3,2,5]
      ]
},
{
"id":"WEEKLY_5x5_2027-10-04",
"week_start":"2027-10-04",
"week_end":"2027-10-10",
"challenge":1,
"puzzle":[
        [0,0,4,0,3],
        [3,0,0,0,0],
        [0,0,2,3,0],
        [0,0,0,0,0],
        [2,3,0,0,4]
      ],
"solution":[
        [1,2,4,5,3],
        [3,4,1,2,5],
        [4,5,2,3,1],
        [5,1,3,4,2],
        [2,3,5,1,4]
      ]
},
{
"id":"WEEKLY_5x5_2027-10-11",
"week_start":"2027-10-11",
"week_end":"2027-10-17",
"challenge":1,
"puzzle":[
        [0,4,0,0,0],
        [0,5,1,0,0],
        [0,2,0,1,0],
        [0,0,4,0,0],
        [0,0,0,4,0]
      ],
"solution":[
        [1,4,2,3,5],
        [4,5,1,2,3],
        [5,2,3,1,4],
        [3,1,4,5,2],
        [2,3,5,4,1]
      ]
},
{
"id":"WEEKLY_5x5_2027-10-18",
"week_start":"2027-10-18",
"week_end":"2027-10-24",
"challenge":1,
"puzzle":[
        [0,0,5,0,0],
        [4,0,3,0,5],
        [3,0,0,0,1],
        [0,0,1,0,0],
        [0,4,0,0,0]
      ],
"solution":[
        [2,1,5,3,4],
        [4,2,3,1,5],
        [3,5,4,2,1],
        [5,3,1,4,2],
        [1,4,2,5,3]
      ]
},
{
"id":"WEEKLY_5x5_2027-10-25",
"week_start":"2027-10-25",
"week_end":"2027-10-31",
"challenge":1,
"puzzle":[
        [0,0,0,0,0],
        [0,0,0,0,5],
        [0,0,2,5,1],
        [0,0,3,1,0],
        [0,0,5,0,0]
      ],
"solution":[
        [1,5,4,2,3],
        [2,4,1,3,5],
        [4,3,2,5,1],
        [5,2,3,1,4],
        [3,1,5,4,2]
      ]
},
{
"id":"WEEKLY_5x5_2027-11-01",
"week_start":"2027-11-01",
"week_end":"2027-11-07",
"challenge":1,
"puzzle":[
        [5,0,0,0,0],
        [0,0,0,2,0],
        [0,4,0,0,3],
        [3,0,0,1,4],
        [0,0,0,0,0]
      ],
"solution":[
        [5,1,4,3,2],
        [4,5,3,2,1],
        [2,4,1,5,3],
        [3,2,5,1,4],
        [1,3,2,4,5]
      ]
},
{
"id":"WEEKLY_5x5_2027-11-08",
"week_start":"2027-11-08",
"week_end":"2027-11-14",
"challenge":1,
"puzzle":[
        [0,1,0,0,0],
        [0,0,3,0,0],
        [0,5,1,0,0],
        [1,0,2,0,0],
        [2,3,0,0,0]
      ],
"solution":[
        [3,1,4,2,5],
        [5,2,3,1,4],
        [4,5,1,3,2],
        [1,4,2,5,3],
        [2,3,5,4,1]
      ]
},
{
"id":"WEEKLY_5x5_2027-11-15",
"week_start":"2027-11-15",
"week_end":"2027-11-21",
"challenge":1,
"puzzle":[
        [5,3,0,4,0],
        [0,0,4,0,0],
        [0,1,0,0,0],
        [0,0,0,0,5],
        [0,4,0,0,2]
      ],
"solution":[
        [5,3,2,4,1],
        [1,5,4,2,3],
        [2,1,5,3,4],
        [4,2,3,1,5],
        [3,4,1,5,2]
      ]
},
{
"id":"WEEKLY_5x5_2027-11-22",
"week_start":"2027-11-22",
"week_end":"2027-11-28",
"challenge":1,
"puzzle":[
        [0,1,0,4,0],
        [0,5,0,0,0],
        [0,4,0,1,0],
        [0,0,0,5,0],
        [5,0,0,2,0]
      ],
"solution":[
        [2,1,5,4,3],
        [4,5,1,3,2],
        [3,4,2,1,5],
        [1,2,3,5,4],
        [5,3,4,2,1]
      ]
},
{
"id":"WEEKLY_5x5_2027-11-29",
"week_start":"2027-11-29",
"week_end":"2027-12-05",
"challenge":1,
"puzzle":[
        [4,0,0,0,0],
        [1,0,2,4,0],
        [2,0,0,1,0],
        [0,4,0,0,0],
        [3,0,0,0,0]
      ],
"solution":[
        [4,2,3,5,1],
        [1,3,2,4,5],
        [2,5,4,1,3],
        [5,4,1,3,2],
        [3,1,5,2,4]
      ]
},
{
"id":"WEEKLY_5x5_2027-12-06",
"week_start":"2027-12-06",
"week_end":"2027-12-12",
"challenge":1,
"puzzle":[
        [0,0,0,4,1],
        [2,5,3,0,0],
        [0,0,0,5,0],
        [0,0,0,3,0],
        [0,0,5,0,0]
      ],
"solution":[
        [5,3,2,4,1],
        [2,5,3,1,4],
        [3,1,4,5,2],
        [4,2,1,3,5],
        [1,4,5,2,3]
      ]
},
{
"id":"WEEKLY_5x5_2027-12-13",
"week_start":"2027-12-13",
"week_end":"2027-12-19",
"challenge":1,
"puzzle":[
        [0,0,5,0,4],
        [0,0,0,4,0],
        [0,5,4,0,0],
        [5,0,2,1,0],
        [0,0,0,0,0]
      ],
"solution":[
        [3,1,5,2,4],
        [2,3,1,4,5],
        [1,5,4,3,2],
        [5,4,2,1,3],
        [4,2,3,5,1]
      ]
},
{
"id":"WEEKLY_5x5_2027-12-20",
"week_start":"2027-12-20",
"week_end":"2027-12-26",
"challenge":1,
"puzzle":[
        [5,0,0,0,1],
        [0,0,0,0,0],
        [0,0,0,0,0],
        [0,0,4,0,0],
        [0,5,2,1,3]
      ],
"solution":[
        [5,2,3,4,1],
        [3,4,1,5,2],
        [2,1,5,3,4],
        [1,3,4,2,5],
        [4,5,2,1,3]
      ]
},
{
"id":"WEEKLY_5x5_2027-12-27",
"week_start":"2027-12-27",
"week_end":"2028-01-02",
"challenge":1,
"puzzle":[
        [0,1,0,0,5],
        [5,2,0,0,1],
        [0,0,0,0,0],
        [0,0,0,0,2],
        [1,0,0,0,4]
      ],
"solution":[
        [4,1,3,2,5],
        [5,2,4,3,1],
        [2,5,1,4,3],
        [3,4,5,1,2],
        [1,3,2,5,4]
      ]
},
{
"id":"WEEKLY_5x5_2028-01-03",
"week_start":"2028-01-03",
"week_end":"2028-01-09",
"challenge":1,
"puzzle":[
        [5,0,4,2,0],
        [0,0,2,1,0],
        [3,0,0,0,0],
        [0,0,0,0,5],
        [0,0,5,0,0]
      ],
"solution":[
        [5,3,4,2,1],
        [4,5,2,1,3],
        [3,2,1,5,4],
        [2,1,3,4,5],
        [1,4,5,3,2]
      ]
},
{
"id":"WEEKLY_5x5_2028-01-10",
"week_start":"2028-01-10",
"week_end":"2028-01-16",
"challenge":1,
"puzzle":[
        [0,0,0,0,0],
        [0,0,0,4,1],
        [0,0,1,2,0],
        [0,0,0,0,0],
        [0,5,4,3,0]
      ],
"solution":[
        [4,1,2,5,3],
        [2,3,5,4,1],
        [3,4,1,2,5],
        [5,2,3,1,4],
        [1,5,4,3,2]
      ]
},
{
"id":"WEEKLY_5x5_2028-01-17",
"week_start":"2028-01-17",
"week_end":"2028-01-23",
"challenge":1,
"puzzle":[
        [0,5,0,0,0],
        [2,0,0,0,0],
        [0,4,0,2,0],
        [3,2,0,0,0],
        [0,0,0,0,2]
      ],
"solution":[
        [4,5,2,3,1],
        [2,1,3,5,4],
        [5,4,1,2,3],
        [3,2,4,1,5],
        [1,3,5,4,2]
      ]
},
{
"id":"WEEKLY_5x5_2028-01-24",
"week_start":"2028-01-24",
"week_end":"2028-01-30",
"challenge":1,
"puzzle":[
        [5,0,0,0,0],
        [3,2,1,5,0],
        [0,0,2,0,0],
        [0,0,0,0,0],
        [0,1,0,0,0]
      ],
"solution":[
        [5,3,4,1,2],
        [3,2,1,5,4],
        [1,5,2,4,3],
        [2,4,5,3,1],
        [4,1,3,2,5]
      ]
},
{
"id":"WEEKLY_5x5_2028-01-31",
"week_start":"2028-01-31",
"week_end":"2028-02-06",
"challenge":1,
"puzzle":[
        [0,0,2,0,0],
        [0,4,1,0,0],
        [0,0,0,0,0],
        [4,1,5,3,2],
        [0,0,0,0,0]
      ],
"solution":[
        [3,5,2,4,1],
        [2,4,1,5,3],
        [5,2,3,1,4],
        [4,1,5,3,2],
        [1,3,4,2,5]
      ]
},
{
"id":"WEEKLY_5x5_2028-02-07",
"week_start":"2028-02-07",
"week_end":"2028-02-13",
"challenge":1,
"puzzle":[
        [0,2,0,4,0],
        [0,1,0,0,0],
        [2,0,4,0,0],
        [4,0,2,0,0],
        [0,4,0,0,0]
      ],
"solution":[
        [5,2,1,4,3],
        [3,1,5,2,4],
        [2,3,4,1,5],
        [4,5,2,3,1],
        [1,4,3,5,2]
      ]
},
{
"id":"WEEKLY_5x5_2028-02-14",
"week_start":"2028-02-14",
"week_end":"2028-02-20",
"challenge":1,
"puzzle":[
        [0,0,1,4,0],
        [0,0,0,0,5],
        [4,0,0,0,0],
        [0,0,0,0,2],
        [0,0,2,1,0]
      ],
"solution":[
        [5,2,1,4,3],
        [2,1,4,3,5],
        [4,3,5,2,1],
        [1,4,3,5,2],
        [3,5,2,1,4]
      ]
},
{
"id":"WEEKLY_5x5_2028-02-21",
"week_start":"2028-02-21",
"week_end":"2028-02-27",
"challenge":1,
"puzzle":[
        [0,0,0,0,0],
        [0,0,0,1,3],
        [2,5,0,0,0],
        [1,4,0,0,2],
        [0,0,0,0,5]
      ],
"solution":[
        [5,3,4,2,1],
        [4,2,5,1,3],
        [2,5,1,3,4],
        [1,4,3,5,2],
        [3,1,2,4,5]
      ]
},
{
"id":"WEEKLY_5x5_2028-02-28",
"week_start":"2028-02-28",
"week_end":"2028-03-05",
"challenge":1,
"puzzle":[
        [0,0,3,0,0],
        [0,3,0,0,0],
        [0,1,2,0,0],
        [3,2,0,0,0],
        [2,0,0,0,0]
      ],
"solution":[
        [1,4,3,5,2],
        [4,3,5,2,1],
        [5,1,2,4,3],
        [3,2,4,1,5],
        [2,5,1,3,4]
      ]
},
{
"id":"WEEKLY_5x5_2028-03-06",
"week_start":"2028-03-06",
"week_end":"2028-03-12",
"challenge":1,
"puzzle":[
        [0,4,1,0,0],
        [4,0,0,0,5],
        [0,0,0,0,0],
        [1,0,0,0,0],
        [3,0,5,0,2]
      ],
"solution":[
        [5,4,1,2,3],
        [4,3,2,1,5],
        [2,5,4,3,1],
        [1,2,3,5,4],
        [3,1,5,4,2]
      ]
},
{
"id":"WEEKLY_5x5_2028-03-13",
"week_start":"2028-03-13",
"week_end":"2028-03-19",
"challenge":1,
"puzzle":[
        [0,0,3,0,0],
        [5,0,0,0,0],
        [0,0,0,0,0],
        [1,2,5,0,0],
        [0,4,1,0,0]
      ],
"solution":[
        [4,5,3,1,2],
        [5,3,2,4,1],
        [3,1,4,2,5],
        [1,2,5,3,4],
        [2,4,1,5,3]
      ]
},
{
"id":"WEEKLY_5x5_2028-03-20",
"week_start":"2028-03-20",
"week_end":"2028-03-26",
"challenge":1,
"puzzle":[
        [1,4,0,0,0],
        [0,0,3,0,4],
        [0,0,0,1,0],
        [0,0,1,0,0],
        [0,0,0,4,1]
      ],
"solution":[
        [1,4,5,3,2],
        [2,1,3,5,4],
        [3,2,4,1,5],
        [4,5,1,2,3],
        [5,3,2,4,1]
      ]
},
{
"id":"WEEKLY_5x5_2028-03-27",
"week_start":"2028-03-27",
"week_end":"2028-04-02",
"challenge":1,
"puzzle":[
        [1,0,0,0,0],
        [0,3,2,0,0],
        [0,0,0,5,0],
        [0,0,0,0,0],
        [0,4,5,0,1]
      ],
"solution":[
        [1,2,4,3,5],
        [5,3,2,1,4],
        [4,1,3,5,2],
        [2,5,1,4,3],
        [3,4,5,2,1]
      ]
},
{
"id":"WEEKLY_5x5_2028-04-03",
"week_start":"2028-04-03",
"week_end":"2028-04-09",
"challenge":1,
"puzzle":[
        [3,0,0,0,0],
        [4,0,0,3,5],
        [1,0,0,0,2],
        [0,3,4,0,0],
        [0,0,0,0,0]
      ],
"solution":[
        [3,2,5,1,4],
        [4,1,2,3,5],
        [1,4,3,5,2],
        [5,3,4,2,1],
        [2,5,1,4,3]
      ]
},
{
"id":"WEEKLY_5x5_2028-04-10",
"week_start":"2028-04-10",
"week_end":"2028-04-16",
"challenge":1,
"puzzle":[
        [0,0,2,0,0],
        [0,3,4,5,0],
        [4,0,0,0,0],
        [5,0,1,0,0],
        [1,0,0,0,0]
      ],
"solution":[
        [3,5,2,1,4],
        [2,3,4,5,1],
        [4,1,5,2,3],
        [5,4,1,3,2],
        [1,2,3,4,5]
      ]
},
{
"id":"WEEKLY_5x5_2028-04-17",
"week_start":"2028-04-17",
"week_end":"2028-04-23",
"challenge":1,
"puzzle":[
        [0,1,0,0,0],
        [0,0,0,0,2],
        [0,0,5,2,0],
        [0,0,0,0,4],
        [2,0,0,0,3]
      ],
"solution":[
        [3,1,2,4,5],
        [5,4,1,3,2],
        [4,3,5,2,1],
        [1,2,3,5,4],
        [2,5,4,1,3]
      ]
},
{
"id":"WEEKLY_5x5_2028-04-24",
"week_start":"2028-04-24",
"week_end":"2028-04-30",
"challenge":1,
"puzzle":[
        [0,0,0,0,0],
        [0,1,5,4,0],
        [2,0,0,1,0],
        [0,4,0,2,0],
        [0,0,0,5,0]
      ],
"solution":[
        [1,5,2,3,4],
        [3,1,5,4,2],
        [2,3,4,1,5],
        [5,4,1,2,3],
        [4,2,3,5,1]
      ]
},
{
"id":"WEEKLY_5x5_2028-05-01",
"week_start":"2028-05-01",
"week_end":"2028-05-07",
"challenge":1,
"puzzle":[
        [0,1,0,4,0],
        [0,0,0,0,2],
        [2,0,0,0,4],
        [0,0,0,0,1],
        [1,0,4,0,0]
      ],
"solution":[
        [3,1,2,4,5],
        [5,4,3,1,2],
        [2,5,1,3,4],
        [4,3,5,2,1],
        [1,2,4,5,3]
      ]
},
{
"id":"WEEKLY_5x5_2028-05-08",
"week_start":"2028-05-08",
"week_end":"2028-05-14",
"challenge":1,
"puzzle":[
        [1,0,5,0,0],
        [0,1,0,0,2],
        [0,3,0,0,0],
        [0,0,3,0,0],
        [0,0,2,3,0]
      ],
"solution":[
        [1,4,5,2,3],
        [3,1,4,5,2],
        [2,3,1,4,5],
        [5,2,3,1,4],
        [4,5,2,3,1]
      ]
},
{
"id":"WEEKLY_5x5_2028-05-15",
"week_start":"2028-05-15",
"week_end":"2028-05-21",
"challenge":1,
"puzzle":[
        [3,0,2,0,0],
        [0,2,0,0,0],
        [2,0,1,0,0],
        [5,0,0,0,0],
        [0,0,0,0,2]
      ],
"solution":[
        [3,4,2,1,5],
        [4,2,5,3,1],
        [2,5,1,4,3],
        [5,1,3,2,4],
        [1,3,4,5,2]
      ]
},
{
"id":"WEEKLY_5x5_2028-05-22",
"week_start":"2028-05-22",
"week_end":"2028-05-28",
"challenge":1,
"puzzle":[
        [0,2,0,0,0],
        [0,0,0,4,2],
        [4,0,2,0,0],
        [0,0,1,0,0],
        [0,4,0,2,0]
      ],
"solution":[
        [3,2,4,1,5],
        [5,1,3,4,2],
        [4,5,2,3,1],
        [2,3,1,5,4],
        [1,4,5,2,3]
      ]
},
{
"id":"WEEKLY_5x5_2028-05-29",
"week_start":"2028-05-29",
"week_end":"2028-06-04",
"challenge":1,
"puzzle":[
        [0,0,0,0,0],
        [0,3,4,2,0],
        [0,5,0,4,0],
        [1,0,3,0,2],
        [0,0,0,0,0]
      ],
"solution":[
        [3,2,5,1,4],
        [5,3,4,2,1],
        [2,5,1,4,3],
        [1,4,3,5,2],
        [4,1,2,3,5]
      ]
},
{
"id":"WEEKLY_5x5_2028-06-05",
"week_start":"2028-06-05",
"week_end":"2028-06-11",
"challenge":1,
"puzzle":[
        [0,3,0,2,1],
        [0,1,0,0,3],
        [0,0,0,0,0],
        [0,0,0,0,0],
        [1,0,3,5,0]
      ],
"solution":[
        [5,3,4,2,1],
        [2,1,5,4,3],
        [3,5,2,1,4],
        [4,2,1,3,5],
        [1,4,3,5,2]
      ]
},
{
"id":"WEEKLY_5x5_2028-06-12",
"week_start":"2028-06-12",
"week_end":"2028-06-18",
"challenge":1,
"puzzle":[
        [0,0,0,3,0],
        [0,5,0,1,0],
        [0,1,0,0,0],
        [1,0,2,0,0],
        [0,2,0,4,0]
      ],
"solution":[
        [5,4,1,3,2],
        [2,5,4,1,3],
        [4,1,3,2,5],
        [1,3,2,5,4],
        [3,2,5,4,1]
      ]
},
{
"id":"WEEKLY_5x5_2028-06-19",
"week_start":"2028-06-19",
"week_end":"2028-06-25",
"challenge":1,
"puzzle":[
        [0,0,0,1,3],
        [4,0,0,3,0],
        [0,0,0,0,0],
        [1,0,0,0,0],
        [0,2,0,0,1]
      ],
"solution":[
        [2,5,4,1,3],
        [4,1,5,3,2],
        [3,4,1,2,5],
        [1,3,2,5,4],
        [5,2,3,4,1]
      ]
},
{
"id":"WEEKLY_5x5_2028-06-26",
"week_start":"2028-06-26",
"week_end":"2028-07-02",
"challenge":1,
"puzzle":[
        [0,0,1,3,0],
        [0,0,0,1,0],
        [0,1,0,0,2],
        [0,0,0,0,0],
        [5,0,3,0,0]
      ],
"solution":[
        [2,4,1,3,5],
        [4,5,2,1,3],
        [3,1,4,5,2],
        [1,3,5,2,4],
        [5,2,3,4,1]
      ]
},
{
"id":"WEEKLY_5x5_2028-07-03",
"week_start":"2028-07-03",
"week_end":"2028-07-09",
"challenge":1,
"puzzle":[
        [0,0,0,0,0],
        [0,5,0,4,2],
        [0,0,1,5,3],
        [0,0,2,0,0],
        [0,0,0,0,1]
      ],
"solution":[
        [3,1,4,2,5],
        [1,5,3,4,2],
        [4,2,1,5,3],
        [5,3,2,1,4],
        [2,4,5,3,1]
      ]
},
{
"id":"WEEKLY_5x5_2028-07-10",
"week_start":"2028-07-10",
"week_end":"2028-07-16",
"challenge":1,
"puzzle":[
        [0,0,0,0,0],
        [0,0,4,1,0],
        [4,0,2,0,1],
        [3,0,0,0,0],
        [0,0,0,4,0]
      ],
"solution":[
        [1,4,5,2,3],
        [2,3,4,1,5],
        [4,5,2,3,1],
        [3,2,1,5,4],
        [5,1,3,4,2]
      ]
},
{
"id":"WEEKLY_5x5_2028-07-17",
"week_start":"2028-07-17",
"week_end":"2028-07-23",
"challenge":1,
"puzzle":[
        [5,0,4,2,0],
        [0,0,0,4,0],
        [0,0,0,0,3],
        [2,0,0,0,0],
        [0,0,0,5,0]
      ],
"solution":[
        [5,3,4,2,1],
        [3,1,5,4,2],
        [4,5,2,1,3],
        [2,4,1,3,5],
        [1,2,3,5,4]
      ]
},
{
"id":"WEEKLY_5x5_2028-07-24",
"week_start":"2028-07-24",
"week_end":"2028-07-30",
"challenge":1,
"puzzle":[
        [0,1,0,0,0],
        [5,0,4,0,0],
        [0,3,2,0,0],
        [0,4,0,2,0],
        [0,0,0,0,0]
      ],
"solution":[
        [2,1,3,4,5],
        [5,2,4,1,3],
        [1,3,2,5,4],
        [3,4,5,2,1],
        [4,5,1,3,2]
      ]
},
{
"id":"WEEKLY_5x5_2028-07-31",
"week_start":"2028-07-31",
"week_end":"2028-08-06",
"challenge":1,
"puzzle":[
        [4,0,0,0,5],
        [0,0,0,0,0],
        [1,0,0,0,0],
        [0,5,0,2,1],
        [0,2,0,0,3]
      ],
"solution":[
        [4,3,2,1,5],
        [2,1,3,5,4],
        [1,4,5,3,2],
        [3,5,4,2,1],
        [5,2,1,4,3]
      ]
},
{
"id":"WEEKLY_5x5_2028-08-07",
"week_start":"2028-08-07",
"week_end":"2028-08-13",
"challenge":1,
"puzzle":[
        [0,0,0,0,3],
        [0,2,1,0,4],
        [0,3,0,0,0],
        [2,0,0,0,0],
        [5,0,0,0,2]
      ],
"solution":[
        [4,5,2,1,3],
        [3,2,1,5,4],
        [1,3,4,2,5],
        [2,4,5,3,1],
        [5,1,3,4,2]
      ]
},
{
"id":"WEEKLY_5x5_2028-08-14",
"week_start":"2028-08-14",
"week_end":"2028-08-20",
"challenge":1,
"puzzle":[
        [5,0,0,0,2],
        [0,0,1,0,3],
        [0,2,0,0,0],
        [0,0,0,0,1],
        [1,0,0,4,0]
      ],
"solution":[
        [5,1,4,3,2],
        [4,5,1,2,3],
        [3,2,5,1,4],
        [2,4,3,5,1],
        [1,3,2,4,5]
      ]
},
{
"id":"WEEKLY_5x5_2028-08-21",
"week_start":"2028-08-21",
"week_end":"2028-08-27",
"challenge":1,
"puzzle":[
        [0,4,0,0,1],
        [0,2,0,1,0],
        [1,5,0,0,2],
        [0,0,0,0,0],
        [0,0,0,0,0]
      ],
"solution":[
        [3,4,2,5,1],
        [4,2,5,1,3],
        [1,5,3,4,2],
        [5,3,1,2,4],
        [2,1,4,3,5]
      ]
},
{
"id":"WEEKLY_5x5_2028-08-28",
"week_start":"2028-08-28",
"week_end":"2028-09-03",
"challenge":1,
"puzzle":[
        [0,0,0,0,0],
        [5,0,0,0,0],
        [0,1,4,0,0],
        [1,0,2,3,5],
        [0,0,0,4,0]
      ],
"solution":[
        [4,2,5,1,3],
        [5,3,1,2,4],
        [3,1,4,5,2],
        [1,4,2,3,5],
        [2,5,3,4,1]
      ]
},
{
"id":"WEEKLY_5x5_2028-09-04",
"week_start":"2028-09-04",
"week_end":"2028-09-10",
"challenge":1,
"puzzle":[
        [0,1,0,0,0],
        [0,0,1,0,2],
        [0,0,5,2,0],
        [2,0,4,0,0],
        [0,0,3,0,0]
      ],
"solution":[
        [5,1,2,3,4],
        [3,4,1,5,2],
        [4,3,5,2,1],
        [2,5,4,1,3],
        [1,2,3,4,5]
      ]
},
{
"id":"WEEKLY_5x5_2028-09-11",
"week_start":"2028-09-11",
"week_end":"2028-09-17",
"challenge":1,
"puzzle":[
        [0,2,0,0,1],
        [0,4,5,0,0],
        [0,0,0,0,0],
        [4,0,3,0,0],
        [3,0,1,0,0]
      ],
"solution":[
        [5,2,4,3,1],
        [2,4,5,1,3],
        [1,3,2,5,4],
        [4,1,3,2,5],
        [3,5,1,4,2]
      ]
},
{
"id":"WEEKLY_5x5_2028-09-18",
"week_start":"2028-09-18",
"week_end":"2028-09-24",
"challenge":1,
"puzzle":[
        [0,0,4,0,2],
        [5,0,0,2,0],
        [0,0,0,0,0],
        [4,0,0,1,5],
        [0,5,0,0,0]
      ],
"solution":[
        [3,1,4,5,2],
        [5,4,3,2,1],
        [1,2,5,4,3],
        [4,3,2,1,5],
        [2,5,1,3,4]
      ]
},
{
"id":"WEEKLY_5x5_2028-09-25",
"week_start":"2028-09-25",
"week_end":"2028-10-01",
"challenge":1,
"puzzle":[
        [5,0,0,0,4],
        [2,0,0,0,0],
        [0,0,0,0,0],
        [0,0,2,0,0],
        [4,0,0,3,2]
      ],
"solution":[
        [5,1,3,2,4],
        [2,3,5,4,1],
        [3,2,4,1,5],
        [1,4,2,5,3],
        [4,5,1,3,2]
      ]
},
{
"id":"WEEKLY_5x5_2028-10-02",
"week_start":"2028-10-02",
"week_end":"2028-10-08",
"challenge":1,
"puzzle":[
        [0,0,0,0,0],
        [0,0,1,2,0],
        [0,0,0,0,4],
        [1,0,0,4,0],
        [0,0,2,0,1]
      ],
"solution":[
        [3,2,4,1,5],
        [4,5,1,2,3],
        [2,1,3,5,4],
        [1,3,5,4,2],
        [5,4,2,3,1]
      ]
},
{
"id":"WEEKLY_5x5_2028-10-09",
"week_start":"2028-10-09",
"week_end":"2028-10-15",
"challenge":1,
"puzzle":[
        [0,0,0,5,0],
        [0,5,1,0,4],
        [4,0,0,0,0],
        [0,0,0,0,0],
        [0,0,2,4,0]
      ],
"solution":[
        [1,2,4,5,3],
        [2,5,1,3,4],
        [4,1,3,2,5],
        [3,4,5,1,2],
        [5,3,2,4,1]
      ]
},
{
"id":"WEEKLY_5x5_2028-10-16",
"week_start":"2028-10-16",
"week_end":"2028-10-22",
"challenge":1,
"puzzle":[
        [0,1,0,2,0],
        [2,4,0,3,0],
        [1,0,0,0,0],
        [0,0,0,0,0],
        [0,0,0,1,5]
      ],
"solution":[
        [5,1,4,2,3],
        [2,4,5,3,1],
        [1,5,3,4,2],
        [3,2,1,5,4],
        [4,3,2,1,5]
      ]
},
{
"id":"WEEKLY_5x5_2028-10-23",
"week_start":"2028-10-23",
"week_end":"2028-10-29",
"challenge":1,
"puzzle":[
        [1,0,0,2,0],
        [0,0,0,1,0],
        [3,0,5,4,0],
        [0,0,0,0,5],
        [0,0,2,0,0]
      ],
"solution":[
        [1,5,3,2,4],
        [5,3,4,1,2],
        [3,2,5,4,1],
        [2,4,1,3,5],
        [4,1,2,5,3]
      ]
},
{
"id":"WEEKLY_5x5_2028-10-30",
"week_start":"2028-10-30",
"week_end":"2028-11-05",
"challenge":1,
"puzzle":[
        [0,0,0,2,0],
        [0,0,0,0,0],
        [0,4,0,0,1],
        [0,0,3,5,0],
        [3,0,0,0,2]
      ],
"solution":[
        [4,5,1,2,3],
        [2,3,4,1,5],
        [5,4,2,3,1],
        [1,2,3,5,4],
        [3,1,5,4,2]
      ]
},
{
"id":"WEEKLY_5x5_2028-11-06",
"week_start":"2028-11-06",
"week_end":"2028-11-12",
"challenge":1,
"puzzle":[
        [0,2,0,0,0],
        [5,0,0,2,1],
        [0,0,0,0,0],
        [0,0,0,4,0],
        [4,0,1,0,0]
      ],
"solution":[
        [3,2,5,1,4],
        [5,3,4,2,1],
        [1,4,2,5,3],
        [2,1,3,4,5],
        [4,5,1,3,2]
      ]
},
{
"id":"WEEKLY_5x5_2028-11-13",
"week_start":"2028-11-13",
"week_end":"2028-11-19",
"challenge":1,
"puzzle":[
        [5,0,0,0,2],
        [0,0,0,0,3],
        [0,4,2,5,0],
        [0,0,0,4,0],
        [0,0,0,0,0]
      ],
"solution":[
        [5,3,4,1,2],
        [4,1,5,2,3],
        [3,4,2,5,1],
        [1,2,3,4,5],
        [2,5,1,3,4]
      ]
},
{
"id":"WEEKLY_5x5_2028-11-20",
"week_start":"2028-11-20",
"week_end":"2028-11-26",
"challenge":1,
"puzzle":[
        [0,5,0,0,1],
        [0,0,0,0,4],
        [1,0,4,0,0],
        [0,4,1,0,0],
        [0,0,2,0,0]
      ],
"solution":[
        [2,5,3,4,1],
        [3,2,5,1,4],
        [1,3,4,2,5],
        [5,4,1,3,2],
        [4,1,2,5,3]
      ]
},
{
"id":"WEEKLY_5x5_2028-11-27",
"week_start":"2028-11-27",
"week_end":"2028-12-03",
"challenge":1,
"puzzle":[
        [0,0,5,0,0],
        [0,1,0,0,0],
        [1,0,2,0,4],
        [0,0,0,0,5],
        [3,5,0,0,0]
      ],
"solution":[
        [2,4,5,1,3],
        [5,1,3,4,2],
        [1,3,2,5,4],
        [4,2,1,3,5],
        [3,5,4,2,1]
      ]
},
{
"id":"WEEKLY_5x5_2028-12-04",
"week_start":"2028-12-04",
"week_end":"2028-12-10",
"challenge":1,
"puzzle":[
        [5,0,0,0,3],
        [4,0,0,3,0],
        [0,0,0,0,0],
        [0,0,0,4,2],
        [0,0,4,2,0]
      ],
"solution":[
        [5,4,2,1,3],
        [4,2,5,3,1],
        [2,3,1,5,4],
        [1,5,3,4,2],
        [3,1,4,2,5]
      ]
},
{
"id":"WEEKLY_5x5_2028-12-11",
"week_start":"2028-12-11",
"week_end":"2028-12-17",
"challenge":1,
"puzzle":[
        [0,0,0,4,0],
        [1,0,0,0,0],
        [0,4,0,0,1],
        [0,0,1,2,0],
        [0,0,0,1,0]
      ],
"solution":[
        [5,1,3,4,2],
        [1,2,4,5,3],
        [2,4,5,3,1],
        [4,3,1,2,5],
        [3,5,2,1,4]
      ]
},
{
"id":"WEEKLY_5x5_2028-12-18",
"week_start":"2028-12-18",
"week_end":"2028-12-24",
"challenge":1,
"puzzle":[
        [0,0,2,0,0],
        [0,0,3,2,0],
        [4,0,5,0,3],
        [0,0,0,0,0],
        [0,0,0,4,2]
      ],
"solution":[
        [5,1,2,3,4],
        [1,4,3,2,5],
        [4,2,5,1,3],
        [2,3,4,5,1],
        [3,5,1,4,2]
      ]
},
{
"id":"WEEKLY_5x5_2028-12-25",
"week_start":"2028-12-25",
"week_end":"2028-12-31",
"challenge":1,
"puzzle":[
        [0,0,0,0,0],
        [5,0,2,0,0],
        [3,2,0,0,0],
        [0,4,0,0,5],
        [0,0,4,0,0]
      ],
"solution":[
        [4,5,1,3,2],
        [5,3,2,4,1],
        [3,2,5,1,4],
        [1,4,3,2,5],
        [2,1,4,5,3]
      ]
},
{
"id":"WEEKLY_5x5_2029-01-01",
"week_start":"2029-01-01",
"week_end":"2029-01-07",
"challenge":1,
"puzzle":[
        [5,0,0,2,0],
        [1,0,0,0,2],
        [0,0,0,0,3],
        [0,0,0,0,0],
        [0,1,0,3,0]
      ],
"solution":[
        [5,4,3,2,1],
        [1,3,5,4,2],
        [4,5,2,1,3],
        [3,2,1,5,4],
        [2,1,4,3,5]
      ]
},
{
"id":"WEEKLY_5x5_2029-01-08",
"week_start":"2029-01-08",
"week_end":"2029-01-14",
"challenge":1,
"puzzle":[
        [0,0,0,1,0],
        [3,0,0,5,0],
        [2,0,0,0,4],
        [0,0,0,0,2],
        [0,0,4,2,0]
      ],
"solution":[
        [4,2,5,1,3],
        [3,4,2,5,1],
        [2,5,1,3,4],
        [5,1,3,4,2],
        [1,3,4,2,5]
      ]
},
{
"id":"WEEKLY_5x5_2029-01-15",
"week_start":"2029-01-15",
"week_end":"2029-01-21",
"challenge":1,
"puzzle":[
        [0,0,0,0,0],
        [0,3,0,0,1],
        [0,2,0,3,0],
        [0,0,3,5,0],
        [0,0,1,0,0]
      ],
"solution":[
        [2,4,5,1,3],
        [5,3,2,4,1],
        [1,2,4,3,5],
        [4,1,3,5,2],
        [3,5,1,2,4]
      ]
},
{
"id":"WEEKLY_5x5_2029-01-22",
"week_start":"2029-01-22",
"week_end":"2029-01-28",
"challenge":1,
"puzzle":[
        [0,0,3,0,0],
        [3,0,2,1,0],
        [2,0,0,0,0],
        [0,0,0,0,1],
        [5,0,0,0,0]
      ],
"solution":[
        [1,5,3,4,2],
        [3,4,2,1,5],
        [2,3,1,5,4],
        [4,2,5,3,1],
        [5,1,4,2,3]
      ]
},
{
"id":"WEEKLY_5x5_2029-01-29",
"week_start":"2029-01-29",
"week_end":"2029-02-04",
"challenge":1,
"puzzle":[
        [0,0,0,0,0],
        [3,5,0,0,4],
        [0,2,0,0,0],
        [0,0,5,0,0],
        [0,4,3,0,0]
      ],
"solution":[
        [4,1,2,3,5],
        [3,5,1,2,4],
        [1,2,4,5,3],
        [2,3,5,4,1],
        [5,4,3,1,2]
      ]
},
{
"id":"WEEKLY_5x5_2029-02-05",
"week_start":"2029-02-05",
"week_end":"2029-02-11",
"challenge":1,
"puzzle":[
        [4,0,0,0,0],
        [0,4,0,3,2],
        [1,0,0,0,0],
        [0,0,0,0,0],
        [0,1,3,0,0]
      ],
"solution":[
        [4,5,2,1,3],
        [5,4,1,3,2],
        [1,3,5,2,4],
        [3,2,4,5,1],
        [2,1,3,4,5]
      ]
},
{
"id":"WEEKLY_5x5_2029-02-12",
"week_start":"2029-02-12",
"week_end":"2029-02-18",
"challenge":1,
"puzzle":[
        [2,0,0,0,0],
        [0,0,2,0,1],
        [0,1,4,0,0],
        [0,0,0,0,0],
        [0,2,0,0,4]
      ],
"solution":[
        [2,3,1,4,5],
        [3,4,2,5,1],
        [5,1,4,2,3],
        [4,5,3,1,2],
        [1,2,5,3,4]
      ]
},
{
"id":"WEEKLY_5x5_2029-02-19",
"week_start":"2029-02-19",
"week_end":"2029-02-25",
"challenge":1,
"puzzle":[
        [0,0,3,4,0],
        [0,4,0,0,0],
        [0,1,5,2,0],
        [0,3,0,0,0],
        [0,0,0,0,3]
      ],
"solution":[
        [2,5,3,4,1],
        [1,4,2,3,5],
        [3,1,5,2,4],
        [4,3,1,5,2],
        [5,2,4,1,3]
      ]
},
{
"id":"WEEKLY_5x5_2029-02-26",
"week_start":"2029-02-26",
"week_end":"2029-03-04",
"challenge":1,
"puzzle":[
        [0,0,0,0,0],
        [1,0,4,0,3],
        [0,0,0,0,0],
        [0,1,2,0,4],
        [0,3,0,0,0]
      ],
"solution":[
        [4,2,3,1,5],
        [1,5,4,2,3],
        [5,4,1,3,2],
        [3,1,2,5,4],
        [2,3,5,4,1]
      ]
},
{
"id":"WEEKLY_5x5_2029-03-05",
"week_start":"2029-03-05",
"week_end":"2029-03-11",
"challenge":1,
"puzzle":[
        [0,4,3,0,0],
        [0,2,0,0,0],
        [0,3,0,0,0],
        [0,0,0,2,0],
        [1,0,0,3,4]
      ],
"solution":[
        [5,4,3,1,2],
        [4,2,1,5,3],
        [2,3,5,4,1],
        [3,1,4,2,5],
        [1,5,2,3,4]
      ]
},
{
"id":"WEEKLY_5x5_2029-03-12",
"week_start":"2029-03-12",
"week_end":"2029-03-18",
"challenge":1,
"puzzle":[
        [0,0,0,0,0],
        [0,0,0,4,0],
        [0,4,2,1,3],
        [0,2,0,0,0],
        [2,0,4,0,0]
      ],
"solution":[
        [4,1,3,2,5],
        [1,3,5,4,2],
        [5,4,2,1,3],
        [3,2,1,5,4],
        [2,5,4,3,1]
      ]
},
{
"id":"WEEKLY_5x5_2029-03-19",
"week_start":"2029-03-19",
"week_end":"2029-03-25",
"challenge":1,
"puzzle":[
        [0,0,0,0,0],
        [0,1,0,0,3],
        [0,4,3,0,0],
        [0,0,4,0,1],
        [1,0,0,0,0]
      ],
"solution":[
        [4,3,1,5,2],
        [5,1,2,4,3],
        [2,4,3,1,5],
        [3,5,4,2,1],
        [1,2,5,3,4]
      ]
},
{
"id":"WEEKLY_5x5_2029-03-26",
"week_start":"2029-03-26",
"week_end":"2029-04-01",
"challenge":1,
"puzzle":[
        [0,0,0,4,0],
        [0,0,0,0,0],
        [0,5,0,0,3],
        [0,1,4,0,2],
        [0,0,5,0,0]
      ],
"solution":[
        [1,3,2,4,5],
        [5,2,3,1,4],
        [4,5,1,2,3],
        [3,1,4,5,2],
        [2,4,5,3,1]
      ]
},
{
"id":"WEEKLY_5x5_2029-04-02",
"week_start":"2029-04-02",
"week_end":"2029-04-08",
"challenge":1,
"puzzle":[
        [0,0,0,0,3],
        [0,1,0,0,5],
        [0,0,3,1,0],
        [0,2,0,0,1],
        [0,0,0,0,2]
      ],
"solution":[
        [5,4,1,2,3],
        [4,1,2,3,5],
        [2,5,3,1,4],
        [3,2,5,4,1],
        [1,3,4,5,2]
      ]
},
{
"id":"WEEKLY_5x5_2029-04-09",
"week_start":"2029-04-09",
"week_end":"2029-04-15",
"challenge":1,
"puzzle":[
        [2,0,0,0,5],
        [0,0,0,0,2],
        [1,0,5,0,0],
        [0,0,3,4,0],
        [0,0,0,0,0]
      ],
"solution":[
        [2,1,4,3,5],
        [3,4,1,5,2],
        [1,3,5,2,4],
        [5,2,3,4,1],
        [4,5,2,1,3]
      ]
},
{
"id":"WEEKLY_5x5_2029-04-16",
"week_start":"2029-04-16",
"week_end":"2029-04-22",
"challenge":1,
"puzzle":[
        [0,0,0,4,0],
        [1,0,0,3,0],
        [0,0,3,0,0],
        [0,0,0,5,4],
        [2,0,0,1,0]
      ],
"solution":[
        [5,2,1,4,3],
        [1,4,5,3,2],
        [4,5,3,2,1],
        [3,1,2,5,4],
        [2,3,4,1,5]
      ]
},
{
"id":"WEEKLY_5x5_2029-04-23",
"week_start":"2029-04-23",
"week_end":"2029-04-29",
"challenge":1,
"puzzle":[
        [0,3,0,0,0],
        [0,0,0,5,0],
        [3,0,0,0,0],
        [0,2,0,0,0],
        [5,0,0,3,2]
      ],
"solution":[
        [1,3,2,4,5],
        [2,4,3,5,1],
        [3,5,1,2,4],
        [4,2,5,1,3],
        [5,1,4,3,2]
      ]
},
{
"id":"WEEKLY_5x5_2029-04-30",
"week_start":"2029-04-30",
"week_end":"2029-05-06",
"challenge":1,
"puzzle":[
        [2,0,0,0,0],
        [3,0,0,1,5],
        [0,0,0,0,0],
        [5,0,0,0,3],
        [0,0,3,0,1]
      ],
"solution":[
        [2,1,5,3,4],
        [3,4,2,1,5],
        [1,3,4,5,2],
        [5,2,1,4,3],
        [4,5,3,2,1]
      ]
},
{
"id":"WEEKLY_5x5_2029-05-07",
"week_start":"2029-05-07",
"week_end":"2029-05-13",
"challenge":1,
"puzzle":[
        [5,2,3,0,0],
        [0,0,0,0,0],
        [4,3,0,0,5],
        [0,0,0,5,0],
        [0,5,0,0,0]
      ],
"solution":[
        [5,2,3,4,1],
        [3,4,5,1,2],
        [4,3,1,2,5],
        [2,1,4,5,3],
        [1,5,2,3,4]
      ]
},
{
"id":"WEEKLY_5x5_2029-05-14",
"week_start":"2029-05-14",
"week_end":"2029-05-20",
"challenge":1,
"puzzle":[
        [3,0,2,5,0],
        [5,2,0,0,0],
        [0,5,0,0,0],
        [0,0,0,0,0],
        [0,0,1,0,0]
      ],
"solution":[
        [3,4,2,5,1],
        [5,2,4,1,3],
        [1,5,3,2,4],
        [4,1,5,3,2],
        [2,3,1,4,5]
      ]
},
{
"id":"WEEKLY_5x5_2029-05-21",
"week_start":"2029-05-21",
"week_end":"2029-05-27",
"challenge":1,
"puzzle":[
        [0,0,0,5,0],
        [5,0,3,0,4],
        [0,0,0,0,1],
        [0,0,0,0,5],
        [1,0,0,2,0]
      ],
"solution":[
        [4,3,1,5,2],
        [5,2,3,1,4],
        [3,5,2,4,1],
        [2,1,4,3,5],
        [1,4,5,2,3]
      ]
},
{
"id":"WEEKLY_5x5_2029-05-28",
"week_start":"2029-05-28",
"week_end":"2029-06-03",
"challenge":1,
"puzzle":[
        [0,3,0,0,0],
        [0,0,0,4,0],
        [1,2,0,3,0],
        [3,0,0,0,2],
        [0,0,0,0,1]
      ],
"solution":[
        [4,3,2,1,5],
        [2,5,1,4,3],
        [1,2,5,3,4],
        [3,1,4,5,2],
        [5,4,3,2,1]
      ]
},
{
"id":"WEEKLY_5x5_2029-06-04",
"week_start":"2029-06-04",
"week_end":"2029-06-10",
"challenge":1,
"puzzle":[
        [3,0,0,0,0],
        [4,0,1,0,3],
        [5,3,0,0,0],
        [0,0,0,3,4],
        [0,0,0,0,0]
      ],
"solution":[
        [3,1,4,5,2],
        [4,5,1,2,3],
        [5,3,2,4,1],
        [1,2,5,3,4],
        [2,4,3,1,5]
      ]
},
{
"id":"WEEKLY_5x5_2029-06-11",
"week_start":"2029-06-11",
"week_end":"2029-06-17",
"challenge":1,
"puzzle":[
        [0,2,0,0,5],
        [4,1,0,5,0],
        [0,0,2,0,4],
        [0,0,0,0,3],
        [0,0,0,0,0]
      ],
"solution":[
        [1,2,4,3,5],
        [4,1,3,5,2],
        [3,5,2,1,4],
        [5,4,1,2,3],
        [2,3,5,4,1]
      ]
},
{
"id":"WEEKLY_5x5_2029-06-18",
"week_start":"2029-06-18",
"week_end":"2029-06-24",
"challenge":1,
"puzzle":[
        [0,0,4,0,3],
        [0,0,0,0,0],
        [0,0,0,3,5],
        [0,1,0,0,4],
        [0,0,5,4,0]
      ],
"solution":[
        [2,5,4,1,3],
        [3,4,2,5,1],
        [4,2,1,3,5],
        [5,1,3,2,4],
        [1,3,5,4,2]
      ]
},
{
"id":"WEEKLY_5x5_2029-06-25",
"week_start":"2029-06-25",
"week_end":"2029-07-01",
"challenge":1,
"puzzle":[
        [0,2,0,0,0],
        [0,0,2,0,0],
        [0,4,0,0,2],
        [0,0,1,5,0],
        [0,0,4,0,0]
      ],
"solution":[
        [1,2,3,4,5],
        [4,5,2,3,1],
        [3,4,5,1,2],
        [2,3,1,5,4],
        [5,1,4,2,3]
      ]
},
{
"id":"WEEKLY_5x5_2029-07-02",
"week_start":"2029-07-02",
"week_end":"2029-07-08",
"challenge":1,
"puzzle":[
        [5,0,4,0,0],
        [2,0,5,0,1],
        [0,0,0,0,0],
        [3,0,1,0,0],
        [0,0,0,0,2]
      ],
"solution":[
        [5,2,4,1,3],
        [2,4,5,3,1],
        [1,3,2,4,5],
        [3,5,1,2,4],
        [4,1,3,5,2]
      ]
},
{
"id":"WEEKLY_5x5_2029-07-09",
"week_start":"2029-07-09",
"week_end":"2029-07-15",
"challenge":1,
"puzzle":[
        [0,0,3,0,0],
        [0,3,0,1,0],
        [3,0,0,4,2],
        [0,0,4,0,0],
        [0,0,0,3,0]
      ],
"solution":[
        [1,4,3,2,5],
        [5,3,2,1,4],
        [3,5,1,4,2],
        [2,1,4,5,3],
        [4,2,5,3,1]
      ]
},
{
"id":"WEEKLY_5x5_2029-07-16",
"week_start":"2029-07-16",
"week_end":"2029-07-22",
"challenge":1,
"puzzle":[
        [0,4,0,0,0],
        [2,3,0,0,0],
        [4,0,0,0,0],
        [1,0,0,2,0],
        [5,0,0,0,0]
      ],
"solution":[
        [3,4,2,5,1],
        [2,3,4,1,5],
        [4,1,5,3,2],
        [1,5,3,2,4],
        [5,2,1,4,3]
      ]
},
{
"id":"WEEKLY_5x5_2029-07-23",
"week_start":"2029-07-23",
"week_end":"2029-07-29",
"challenge":1,
"puzzle":[
        [0,0,2,0,3],
        [5,1,0,0,2],
        [3,0,0,0,0],
        [0,0,0,0,0],
        [0,2,0,0,0]
      ],
"solution":[
        [1,4,2,5,3],
        [5,1,3,4,2],
        [3,5,1,2,4],
        [2,3,4,1,5],
        [4,2,5,3,1]
      ]
},
{
"id":"WEEKLY_5x5_2029-07-30",
"week_start":"2029-07-30",
"week_end":"2029-08-05",
"challenge":1,
"puzzle":[
        [0,5,0,0,2],
        [0,1,5,0,3],
        [0,0,0,0,0],
        [2,0,0,1,5],
        [0,0,0,0,0]
      ],
"solution":[
        [1,5,3,4,2],
        [4,1,5,2,3],
        [3,4,2,5,1],
        [2,3,4,1,5],
        [5,2,1,3,4]
      ]
},
{
"id":"WEEKLY_5x5_2029-08-06",
"week_start":"2029-08-06",
"week_end":"2029-08-12",
"challenge":1,
"puzzle":[
        [0,0,1,0,0],
        [0,0,0,0,1],
        [0,5,0,0,4],
        [0,0,0,4,0],
        [4,1,3,0,0]
      ],
"solution":[
        [2,4,1,5,3],
        [5,2,4,3,1],
        [3,5,2,1,4],
        [1,3,5,4,2],
        [4,1,3,2,5]
      ]
},
{
"id":"WEEKLY_5x5_2029-08-13",
"week_start":"2029-08-13",
"week_end":"2029-08-19",
"challenge":1,
"puzzle":[
        [0,0,0,0,0],
        [0,1,0,0,0],
        [3,0,1,0,0],
        [0,4,0,5,1],
        [4,0,0,0,3]
      ],
"solution":[
        [1,3,5,2,4],
        [5,1,4,3,2],
        [3,2,1,4,5],
        [2,4,3,5,1],
        [4,5,2,1,3]
      ]
},
{
"id":"WEEKLY_5x5_2029-08-20",
"week_start":"2029-08-20",
"week_end":"2029-08-26",
"challenge":1,
"puzzle":[
        [0,2,0,0,0],
        [1,3,0,0,0],
        [0,0,3,0,1],
        [0,0,0,4,3],
        [0,0,0,0,0]
      ],
"solution":[
        [3,2,4,1,5],
        [1,3,5,2,4],
        [2,4,3,5,1],
        [5,1,2,4,3],
        [4,5,1,3,2]
      ]
},
{
"id":"WEEKLY_5x5_2029-08-27",
"week_start":"2029-08-27",
"week_end":"2029-09-02",
"challenge":1,
"puzzle":[
        [0,0,4,0,3],
        [2,0,0,0,1],
        [0,0,0,0,0],
        [0,0,0,5,0],
        [1,4,0,0,0]
      ],
"solution":[
        [5,2,4,1,3],
        [2,3,5,4,1],
        [4,5,1,3,2],
        [3,1,2,5,4],
        [1,4,3,2,5]
      ]
},
{
"id":"WEEKLY_5x5_2029-09-03",
"week_start":"2029-09-03",
"week_end":"2029-09-09",
"challenge":1,
"puzzle":[
        [1,0,0,0,0],
        [4,0,0,2,0],
        [0,0,0,0,2],
        [0,4,0,0,0],
        [0,3,0,0,5]
      ],
"solution":[
        [1,2,5,3,4],
        [4,5,3,2,1],
        [3,1,4,5,2],
        [5,4,2,1,3],
        [2,3,1,4,5]
      ]
},
{
"id":"WEEKLY_5x5_2029-09-10",
"week_start":"2029-09-10",
"week_end":"2029-09-16",
"challenge":1,
"puzzle":[
        [0,1,3,5,0],
        [0,0,0,0,0],
        [5,3,0,0,2],
        [0,0,5,0,0],
        [0,0,0,0,0]
      ],
"solution":[
        [2,1,3,5,4],
        [1,4,2,3,5],
        [5,3,1,4,2],
        [4,2,5,1,3],
        [3,5,4,2,1]
      ]
},
{
"id":"WEEKLY_5x5_2029-09-17",
"week_start":"2029-09-17",
"week_end":"2029-09-23",
"challenge":1,
"puzzle":[
        [0,0,0,5,3],
        [0,3,1,0,0],
        [0,0,0,0,2],
        [0,2,0,4,0],
        [0,0,0,3,0]
      ],
"solution":[
        [4,1,2,5,3],
        [5,3,1,2,4],
        [3,4,5,1,2],
        [1,2,3,4,5],
        [2,5,4,3,1]
      ]
},
{
"id":"WEEKLY_5x5_2029-09-24",
"week_start":"2029-09-24",
"week_end":"2029-09-30",
"challenge":1,
"puzzle":[
        [0,0,0,0,0],
        [0,0,0,0,4],
        [1,0,0,0,2],
        [0,0,5,0,1],
        [0,0,3,1,0]
      ],
"solution":[
        [5,1,2,4,3],
        [3,5,1,2,4],
        [1,3,4,5,2],
        [2,4,5,3,1],
        [4,2,3,1,5]
      ]
},
{
"id":"WEEKLY_5x5_2029-10-01",
"week_start":"2029-10-01",
"week_end":"2029-10-07",
"challenge":1,
"puzzle":[
        [0,3,0,0,4],
        [0,0,0,0,2],
        [0,5,2,0,0],
        [0,0,0,1,0],
        [1,0,5,0,0]
      ],
"solution":[
        [2,3,1,5,4],
        [5,1,3,4,2],
        [4,5,2,3,1],
        [3,2,4,1,5],
        [1,4,5,2,3]
      ]
},
{
"id":"WEEKLY_5x5_2029-10-08",
"week_start":"2029-10-08",
"week_end":"2029-10-14",
"challenge":1,
"puzzle":[
        [4,0,3,0,0],
        [0,0,0,0,0],
        [2,0,0,0,0],
        [3,0,0,4,1],
        [0,0,0,5,3]
      ],
"solution":[
        [4,1,3,2,5],
        [5,3,4,1,2],
        [2,5,1,3,4],
        [3,2,5,4,1],
        [1,4,2,5,3]
      ]
},
{
"id":"WEEKLY_5x5_2029-10-15",
"week_start":"2029-10-15",
"week_end":"2029-10-21",
"challenge":1,
"puzzle":[
        [0,0,1,4,0],
        [2,0,0,0,0],
        [0,0,0,5,0],
        [5,0,3,2,0],
        [1,0,0,0,0]
      ],
"solution":[
        [3,5,1,4,2],
        [2,3,4,1,5],
        [4,1,2,5,3],
        [5,4,3,2,1],
        [1,2,5,3,4]
      ]
},
{
"id":"WEEKLY_5x5_2029-10-22",
"week_start":"2029-10-22",
"week_end":"2029-10-28",
"challenge":1,
"puzzle":[
        [4,0,0,5,2],
        [0,0,4,0,0],
        [0,0,0,0,1],
        [2,0,0,0,4],
        [1,0,0,0,0]
      ],
"solution":[
        [4,3,1,5,2],
        [5,2,4,1,3],
        [3,5,2,4,1],
        [2,1,5,3,4],
        [1,4,3,2,5]
      ]
},
{
"id":"WEEKLY_5x5_2029-10-29",
"week_start":"2029-10-29",
"week_end":"2029-11-04",
"challenge":1,
"puzzle":[
        [4,0,0,0,1],
        [2,0,0,1,0],
        [0,0,0,0,0],
        [0,2,0,0,4],
        [3,0,0,0,2]
      ],
"solution":[
        [4,5,3,2,1],
        [2,3,4,1,5],
        [1,4,2,5,3],
        [5,2,1,3,4],
        [3,1,5,4,2]
      ]
},
{
"id":"WEEKLY_5x5_2029-11-05",
"week_start":"2029-11-05",
"week_end":"2029-11-11",
"challenge":1,
"puzzle":[
        [0,0,0,0,1],
        [0,0,0,0,2],
        [0,0,0,1,3],
        [0,0,0,0,0],
        [1,3,0,0,5]
      ],
"solution":[
        [2,4,3,5,1],
        [5,1,4,3,2],
        [4,2,5,1,3],
        [3,5,1,2,4],
        [1,3,2,4,5]
      ]
},
{
"id":"WEEKLY_5x5_2029-11-12",
"week_start":"2029-11-12",
"week_end":"2029-11-18",
"challenge":1,
"puzzle":[
        [0,0,0,0,3],
        [0,2,0,0,0],
        [0,3,0,0,0],
        [1,0,0,3,2],
        [0,1,0,0,0]
      ],
"solution":[
        [4,5,2,1,3],
        [5,2,3,4,1],
        [2,3,1,5,4],
        [1,4,5,3,2],
        [3,1,4,2,5]
      ]
},
{
"id":"WEEKLY_5x5_2029-11-19",
"week_start":"2029-11-19",
"week_end":"2029-11-25",
"challenge":1,
"puzzle":[
        [0,0,0,1,4],
        [0,0,1,0,0],
        [1,0,0,0,0],
        [4,0,0,0,2],
        [0,0,4,0,0]
      ],
"solution":[
        [2,3,5,1,4],
        [5,2,1,4,3],
        [1,4,2,3,5],
        [4,1,3,5,2],
        [3,5,4,2,1]
      ]
},
{
"id":"WEEKLY_5x5_2029-11-26",
"week_start":"2029-11-26",
"week_end":"2029-12-02",
"challenge":1,
"puzzle":[
        [3,0,0,2,0],
        [0,0,0,5,2],
        [0,0,0,0,0],
        [0,0,0,1,4],
        [5,2,0,0,0]
      ],
"solution":[
        [3,5,4,2,1],
        [1,4,3,5,2],
        [4,1,2,3,5],
        [2,3,5,1,4],
        [5,2,1,4,3]
      ]
},
{
"id":"WEEKLY_5x5_2029-12-03",
"week_start":"2029-12-03",
"week_end":"2029-12-09",
"challenge":1,
"puzzle":[
        [0,0,0,3,0],
        [0,2,1,0,0],
        [0,3,0,0,0],
        [0,5,0,2,0],
        [1,0,0,5,0]
      ],
"solution":[
        [2,1,5,3,4],
        [5,2,1,4,3],
        [4,3,2,1,5],
        [3,5,4,2,1],
        [1,4,3,5,2]
      ]
},
{
"id":"WEEKLY_5x5_2029-12-10",
"week_start":"2029-12-10",
"week_end":"2029-12-16",
"challenge":1,
"puzzle":[
        [0,5,0,0,0],
        [0,0,5,0,0],
        [5,0,0,0,3],
        [0,2,0,0,5],
        [2,0,0,0,0]
      ],
"solution":[
        [4,5,1,3,2],
        [3,1,5,2,4],
        [5,4,2,1,3],
        [1,2,3,4,5],
        [2,3,4,5,1]
      ]
},
{
"id":"WEEKLY_5x5_2029-12-17",
"week_start":"2029-12-17",
"week_end":"2029-12-23",
"challenge":1,
"puzzle":[
        [0,1,0,0,2],
        [5,0,0,1,0],
        [0,0,0,5,1],
        [0,0,0,0,0],
        [0,5,0,2,0]
      ],
"solution":[
        [3,1,5,4,2],
        [5,3,2,1,4],
        [2,4,3,5,1],
        [4,2,1,3,5],
        [1,5,4,2,3]
      ]
},
{
"id":"WEEKLY_5x5_2029-12-24",
"week_start":"2029-12-24",
"week_end":"2029-12-30",
"challenge":1,
"puzzle":[
        [0,0,0,0,0],
        [0,0,3,0,0],
        [0,0,0,0,2],
        [0,2,1,5,3],
        [0,0,4,0,0]
      ],
"solution":[
        [5,4,2,3,1],
        [2,5,3,1,4],
        [3,1,5,4,2],
        [4,2,1,5,3],
        [1,3,4,2,5]
      ]
},
{
"id":"WEEKLY_5x5_2029-12-31",
"week_start":"2029-12-31",
"week_end":"2030-01-06",
"challenge":1,
"puzzle":[
        [5,0,0,0,1],
        [0,3,2,4,0],
        [0,0,0,3,0],
        [0,0,0,5,0],
        [2,0,0,0,0]
      ],
"solution":[
        [5,4,3,2,1],
        [1,3,2,4,5],
        [4,1,5,3,2],
        [3,2,1,5,4],
        [2,5,4,1,3]
      ]
},
{
"id":"WEEKLY_5x5_2030-01-07",
"week_start":"2030-01-07",
"week_end":"2030-01-13",
"challenge":1,
"puzzle":[
        [0,0,0,0,0],
        [0,0,0,0,0],
        [4,0,0,0,0],
        [0,1,4,0,5],
        [1,4,0,3,2]
      ],
"solution":[
        [5,2,1,4,3],
        [2,5,3,1,4],
        [4,3,2,5,1],
        [3,1,4,2,5],
        [1,4,5,3,2]
      ]
},
{
"id":"WEEKLY_5x5_2030-01-14",
"week_start":"2030-01-14",
"week_end":"2030-01-20",
"challenge":1,
"puzzle":[
        [0,5,0,0,0],
        [0,0,0,3,0],
        [3,0,0,0,5],
        [1,0,0,0,0],
        [5,0,0,2,0]
      ],
"solution":[
        [2,5,4,1,3],
        [4,1,5,3,2],
        [3,2,1,4,5],
        [1,3,2,5,4],
        [5,4,3,2,1]
      ]
},
{
"id":"WEEKLY_5x5_2030-01-21",
"week_start":"2030-01-21",
"week_end":"2030-01-27",
"challenge":1,
"puzzle":[
        [0,0,4,0,0],
        [0,0,0,5,0],
        [0,4,5,0,0],
        [4,0,0,0,5],
        [0,0,0,4,0]
      ],
"solution":[
        [5,2,4,3,1],
        [2,3,1,5,4],
        [3,4,5,1,2],
        [4,1,3,2,5],
        [1,5,2,4,3]
      ]
},
{
"id":"WEEKLY_5x5_2030-01-28",
"week_start":"2030-01-28",
"week_end":"2030-02-03",
"challenge":1,
"puzzle":[
        [0,1,3,0,0],
        [0,4,0,0,0],
        [0,0,0,0,1],
        [0,0,0,4,3],
        [0,2,0,0,0]
      ],
"solution":[
        [4,1,3,2,5],
        [5,4,1,3,2],
        [2,3,4,5,1],
        [1,5,2,4,3],
        [3,2,5,1,4]
      ]
},
{
"id":"WEEKLY_5x5_2030-02-04",
"week_start":"2030-02-04",
"week_end":"2030-02-10",
"challenge":1,
"puzzle":[
        [1,0,0,0,0],
        [0,0,5,2,0],
        [0,0,0,0,3],
        [0,3,0,1,4],
        [0,0,1,0,0]
      ],
"solution":[
        [1,2,3,4,5],
        [3,4,5,2,1],
        [2,1,4,5,3],
        [5,3,2,1,4],
        [4,5,1,3,2]
      ]
},
{
"id":"WEEKLY_5x5_2030-02-11",
"week_start":"2030-02-11",
"week_end":"2030-02-17",
"challenge":1,
"puzzle":[
        [4,0,1,0,0],
        [0,0,0,3,0],
        [0,3,5,0,0],
        [0,4,0,1,0],
        [5,0,0,0,0]
      ],
"solution":[
        [4,2,1,5,3],
        [2,5,4,3,1],
        [1,3,5,4,2],
        [3,4,2,1,5],
        [5,1,3,2,4]
      ]
},
{
"id":"WEEKLY_5x5_2030-02-18",
"week_start":"2030-02-18",
"week_end":"2030-02-24",
"challenge":1,
"puzzle":[
        [4,0,3,0,0],
        [2,4,0,3,0],
        [0,2,0,0,0],
        [1,0,0,0,0],
        [0,0,0,0,2]
      ],
"solution":[
        [4,1,3,2,5],
        [2,4,5,3,1],
        [3,2,1,5,4],
        [1,5,2,4,3],
        [5,3,4,1,2]
      ]
},
{
"id":"WEEKLY_5x5_2030-02-25",
"week_start":"2030-02-25",
"week_end":"2030-03-03",
"challenge":1,
"puzzle":[
        [0,0,0,0,0],
        [0,3,0,0,2],
        [3,0,0,0,0],
        [0,0,1,3,5],
        [0,0,3,0,0]
      ],
"solution":[
        [1,2,5,4,3],
        [5,3,4,1,2],
        [3,1,2,5,4],
        [2,4,1,3,5],
        [4,5,3,2,1]
      ]
},
{
"id":"WEEKLY_5x5_2030-03-04",
"week_start":"2030-03-04",
"week_end":"2030-03-10",
"challenge":1,
"puzzle":[
        [0,0,3,0,0],
        [0,4,0,0,0],
        [0,5,0,4,3],
        [0,2,0,0,1],
        [0,0,0,0,0]
      ],
"solution":[
        [5,1,3,2,4],
        [3,4,1,5,2],
        [1,5,2,4,3],
        [4,2,5,3,1],
        [2,3,4,1,5]
      ]
},
{
"id":"WEEKLY_5x5_2030-03-11",
"week_start":"2030-03-11",
"week_end":"2030-03-17",
"challenge":1,
"puzzle":[
        [0,0,0,0,0],
        [1,5,0,0,4],
        [4,2,0,0,1],
        [0,0,0,0,0],
        [0,0,2,1,0]
      ],
"solution":[
        [2,3,1,4,5],
        [1,5,3,2,4],
        [4,2,5,3,1],
        [3,1,4,5,2],
        [5,4,2,1,3]
      ]
},
{
"id":"WEEKLY_5x5_2030-03-18",
"week_start":"2030-03-18",
"week_end":"2030-03-24",
"challenge":1,
"puzzle":[
        [0,0,1,3,0],
        [0,4,3,0,0],
        [0,0,4,5,0],
        [5,0,0,0,0],
        [0,2,0,0,0]
      ],
"solution":[
        [4,5,1,3,2],
        [1,4,3,2,5],
        [2,1,4,5,3],
        [5,3,2,1,4],
        [3,2,5,4,1]
      ]
},
{
"id":"WEEKLY_5x5_2030-03-25",
"week_start":"2030-03-25",
"week_end":"2030-03-31",
"challenge":1,
"puzzle":[
        [4,1,0,2,0],
        [3,0,0,0,0],
        [0,0,0,5,0],
        [0,0,0,0,5],
        [5,0,0,0,1]
      ],
"solution":[
        [4,1,5,2,3],
        [3,5,4,1,2],
        [1,2,3,5,4],
        [2,3,1,4,5],
        [5,4,2,3,1]
      ]
},
{
"id":"WEEKLY_5x5_2030-04-01",
"week_start":"2030-04-01",
"week_end":"2030-04-07",
"challenge":1,
"puzzle":[
        [0,0,3,0,0],
        [0,0,2,0,0],
        [0,5,4,0,0],
        [0,2,0,0,4],
        [0,0,1,0,0]
      ],
"solution":[
        [5,4,3,2,1],
        [4,1,2,5,3],
        [3,5,4,1,2],
        [1,2,5,3,4],
        [2,3,1,4,5]
      ]
},
{
"id":"WEEKLY_5x5_2030-04-08",
"week_start":"2030-04-08",
"week_end":"2030-04-14",
"challenge":1,
"puzzle":[
        [0,0,0,4,2],
        [0,0,0,0,0],
        [0,0,2,0,0],
        [5,2,3,0,0],
        [0,0,0,5,0]
      ],
"solution":[
        [3,5,1,4,2],
        [4,1,5,2,3],
        [1,4,2,3,5],
        [5,2,3,1,4],
        [2,3,4,5,1]
      ]
},
{
"id":"WEEKLY_5x5_2030-04-15",
"week_start":"2030-04-15",
"week_end":"2030-04-21",
"challenge":1,
"puzzle":[
        [2,0,0,0,4],
        [0,0,0,5,1],
        [0,0,4,2,3],
        [0,0,0,0,2],
        [0,0,0,0,0]
      ],
"solution":[
        [2,3,5,1,4],
        [4,2,3,5,1],
        [5,1,4,2,3],
        [3,5,1,4,2],
        [1,4,2,3,5]
      ]
},
{
"id":"WEEKLY_5x5_2030-04-22",
"week_start":"2030-04-22",
"week_end":"2030-04-28",
"challenge":1,
"puzzle":[
        [0,4,5,2,0],
        [0,1,3,5,0],
        [5,0,0,0,0],
        [0,0,0,1,0],
        [0,0,0,0,0]
      ],
"solution":[
        [1,4,5,2,3],
        [4,1,3,5,2],
        [5,3,2,4,1],
        [3,2,4,1,5],
        [2,5,1,3,4]
      ]
},
{
"id":"WEEKLY_5x5_2030-04-29",
"week_start":"2030-04-29",
"week_end":"2030-05-05",
"challenge":1,
"puzzle":[
        [3,2,0,5,0],
        [0,3,0,0,0],
        [0,1,0,0,0],
        [0,0,0,0,0],
        [2,4,0,0,0]
      ],
"solution":[
        [3,2,4,5,1],
        [1,3,5,4,2],
        [5,1,2,3,4],
        [4,5,1,2,3],
        [2,4,3,1,5]
      ]
},
{
"id":"WEEKLY_5x5_2030-05-06",
"week_start":"2030-05-06",
"week_end":"2030-05-12",
"challenge":1,
"puzzle":[
        [0,5,0,0,0],
        [5,1,0,2,3],
        [4,0,0,0,0],
        [0,0,0,0,4],
        [0,0,0,0,0]
      ],
"solution":[
        [2,5,3,4,1],
        [5,1,4,2,3],
        [4,2,1,3,5],
        [1,3,2,5,4],
        [3,4,5,1,2]
      ]
},
{
"id":"WEEKLY_5x5_2030-05-13",
"week_start":"2030-05-13",
"week_end":"2030-05-19",
"challenge":1,
"puzzle":[
        [0,5,1,0,0],
        [0,0,0,0,3],
        [0,1,0,0,0],
        [0,0,2,0,0],
        [0,0,0,2,5]
      ],
"solution":[
        [2,5,1,3,4],
        [4,2,5,1,3],
        [5,1,3,4,2],
        [3,4,2,5,1],
        [1,3,4,2,5]
      ]
},
{
"id":"WEEKLY_5x5_2030-05-20",
"week_start":"2030-05-20",
"week_end":"2030-05-26",
"challenge":1,
"puzzle":[
        [0,2,0,0,1],
        [0,0,3,0,4],
        [4,1,0,0,0],
        [0,0,0,0,0],
        [0,3,0,0,0]
      ],
"solution":[
        [3,2,4,5,1],
        [1,5,3,2,4],
        [4,1,2,3,5],
        [2,4,5,1,3],
        [5,3,1,4,2]
      ]
},
{
"id":"WEEKLY_5x5_2030-05-27",
"week_start":"2030-05-27",
"week_end":"2030-06-02",
"challenge":1,
"puzzle":[
        [0,0,0,0,5],
        [1,0,0,0,0],
        [0,0,5,0,1],
        [0,0,0,0,3],
        [0,0,0,1,4]
      ],
"solution":[
        [2,1,4,3,5],
        [1,5,3,4,2],
        [3,4,5,2,1],
        [4,2,1,5,3],
        [5,3,2,1,4]
      ]
},
{
"id":"WEEKLY_5x5_2030-06-03",
"week_start":"2030-06-03",
"week_end":"2030-06-09",
"challenge":1,
"puzzle":[
        [1,0,0,0,0],
        [0,2,0,4,0],
        [4,0,0,0,2],
        [0,0,2,0,0],
        [0,0,4,0,0]
      ],
"solution":[
        [1,3,5,2,4],
        [3,2,1,4,5],
        [4,1,3,5,2],
        [5,4,2,3,1],
        [2,5,4,1,3]
      ]
},
{
"id":"WEEKLY_5x5_2030-06-10",
"week_start":"2030-06-10",
"week_end":"2030-06-16",
"challenge":1,
"puzzle":[
        [0,0,0,0,0],
        [0,0,0,3,1],
        [1,3,5,2,0],
        [0,0,0,1,0],
        [4,0,0,0,0]
      ],
"solution":[
        [5,2,1,4,3],
        [2,5,4,3,1],
        [1,3,5,2,4],
        [3,4,2,1,5],
        [4,1,3,5,2]
      ]
},
{
"id":"WEEKLY_5x5_2030-06-17",
"week_start":"2030-06-17",
"week_end":"2030-06-23",
"challenge":1,
"puzzle":[
        [0,0,0,0,0],
        [3,0,5,0,0],
        [4,0,3,0,0],
        [0,1,4,0,0],
        [0,4,0,0,0]
      ],
"solution":[
        [5,3,1,4,2],
        [3,2,5,1,4],
        [4,5,3,2,1],
        [2,1,4,5,3],
        [1,4,2,3,5]
      ]
},
{
"id":"WEEKLY_5x5_2030-06-24",
"week_start":"2030-06-24",
"week_end":"2030-06-30",
"challenge":1,
"puzzle":[
        [0,2,0,0,1],
        [1,0,0,0,0],
        [4,0,0,0,0],
        [2,0,0,0,0],
        [0,0,1,0,4]
      ],
"solution":[
        [3,2,5,4,1],
        [1,4,3,5,2],
        [4,5,2,1,3],
        [2,1,4,3,5],
        [5,3,1,2,4]
      ]
},
{
"id":"WEEKLY_5x5_2030-07-01",
"week_start":"2030-07-01",
"week_end":"2030-07-07",
"challenge":1,
"puzzle":[
        [2,0,0,0,0],
        [0,0,0,0,2],
        [1,0,0,2,0],
        [0,1,0,3,5],
        [0,0,0,0,0]
      ],
"solution":[
        [2,3,5,4,1],
        [3,4,1,5,2],
        [1,5,3,2,4],
        [4,1,2,3,5],
        [5,2,4,1,3]
      ]
},
{
"id":"WEEKLY_5x5_2030-07-08",
"week_start":"2030-07-08",
"week_end":"2030-07-14",
"challenge":1,
"puzzle":[
        [2,0,0,0,0],
        [5,0,0,0,0],
        [0,0,0,0,0],
        [0,5,0,0,1],
        [0,4,1,5,0]
      ],
"solution":[
        [2,1,5,4,3],
        [5,3,2,1,4],
        [1,2,4,3,5],
        [4,5,3,2,1],
        [3,4,1,5,2]
      ]
},
{
"id":"WEEKLY_5x5_2030-07-15",
"week_start":"2030-07-15",
"week_end":"2030-07-21",
"challenge":1,
"puzzle":[
        [4,1,5,0,0],
        [0,0,0,0,0],
        [0,5,0,2,0],
        [0,0,4,0,0],
        [1,0,0,0,0]
      ],
"solution":[
        [4,1,5,3,2],
        [5,4,2,1,3],
        [3,5,1,2,4],
        [2,3,4,5,1],
        [1,2,3,4,5]
      ]
},
{
"id":"WEEKLY_5x5_2030-07-22",
"week_start":"2030-07-22",
"week_end":"2030-07-28",
"challenge":1,
"puzzle":[
        [0,0,0,2,0],
        [0,4,0,0,0],
        [0,0,0,0,0],
        [0,0,2,4,3],
        [2,0,0,1,0]
      ],
"solution":[
        [1,5,3,2,4],
        [3,4,1,5,2],
        [4,2,5,3,1],
        [5,1,2,4,3],
        [2,3,4,1,5]
      ]
},
{
"id":"WEEKLY_5x5_2030-07-29",
"week_start":"2030-07-29",
"week_end":"2030-08-04",
"challenge":1,
"puzzle":[
        [0,0,3,0,0],
        [2,0,0,0,0],
        [0,3,2,5,0],
        [0,2,0,0,0],
        [0,0,1,0,0]
      ],
"solution":[
        [4,5,3,2,1],
        [2,1,5,4,3],
        [1,3,2,5,4],
        [3,2,4,1,5],
        [5,4,1,3,2]
      ]
},
{
"id":"WEEKLY_5x5_2030-08-05",
"week_start":"2030-08-05",
"week_end":"2030-08-11",
"challenge":1,
"puzzle":[
        [0,4,5,0,0],
        [0,3,0,2,0],
        [0,0,0,3,4],
        [0,0,0,5,0],
        [0,0,0,0,0]
      ],
"solution":[
        [2,4,5,1,3],
        [4,3,1,2,5],
        [1,5,2,3,4],
        [3,1,4,5,2],
        [5,2,3,4,1]
      ]
},
{
"id":"WEEKLY_5x5_2030-08-12",
"week_start":"2030-08-12",
"week_end":"2030-08-18",
"challenge":1,
"puzzle":[
        [0,1,0,0,0],
        [2,0,4,1,0],
        [3,0,0,0,0],
        [5,0,0,3,0],
        [0,0,0,2,0]
      ],
"solution":[
        [4,1,3,5,2],
        [2,3,4,1,5],
        [3,5,2,4,1],
        [5,2,1,3,4],
        [1,4,5,2,3]
      ]
},
{
"id":"WEEKLY_5x5_2030-08-19",
"week_start":"2030-08-19",
"week_end":"2030-08-25",
"challenge":1,
"puzzle":[
        [0,0,5,0,0],
        [0,0,3,2,0],
        [4,0,0,5,0],
        [0,0,4,1,2],
        [0,0,0,0,0]
      ],
"solution":[
        [2,4,5,3,1],
        [5,1,3,2,4],
        [4,2,1,5,3],
        [3,5,4,1,2],
        [1,3,2,4,5]
      ]
},
{
"id":"WEEKLY_5x5_2030-08-26",
"week_start":"2030-08-26",
"week_end":"2030-09-01",
"challenge":1,
"puzzle":[
        [3,4,0,0,0],
        [0,5,0,0,0],
        [0,0,0,3,0],
        [1,0,4,0,0],
        [2,0,0,0,5]
      ],
"solution":[
        [3,4,5,1,2],
        [4,5,3,2,1],
        [5,1,2,3,4],
        [1,2,4,5,3],
        [2,3,1,4,5]
      ]
},
{
"id":"WEEKLY_5x5_2030-09-02",
"week_start":"2030-09-02",
"week_end":"2030-09-08",
"challenge":1,
"puzzle":[
        [0,5,0,0,3],
        [4,0,0,2,0],
        [0,3,0,4,0],
        [0,0,0,0,4],
        [0,0,2,0,0]
      ],
"solution":[
        [2,5,4,1,3],
        [4,1,3,2,5],
        [1,3,5,4,2],
        [3,2,1,5,4],
        [5,4,2,3,1]
      ]
},
{
"id":"WEEKLY_5x5_2030-09-09",
"week_start":"2030-09-09",
"week_end":"2030-09-15",
"challenge":1,
"puzzle":[
        [0,3,0,5,0],
        [0,4,0,0,0],
        [0,1,0,0,0],
        [0,2,5,0,0],
        [0,5,0,0,0]
      ],
"solution":[
        [4,3,1,5,2],
        [5,4,3,2,1],
        [3,1,2,4,5],
        [1,2,5,3,4],
        [2,5,4,1,3]
      ]
},
{
"id":"WEEKLY_5x5_2030-09-16",
"week_start":"2030-09-16",
"week_end":"2030-09-22",
"challenge":1,
"puzzle":[
        [0,0,0,5,0],
        [0,1,0,4,3],
        [0,0,0,0,0],
        [4,0,0,1,0],
        [0,4,0,0,0]
      ],
"solution":[
        [3,2,1,5,4],
        [2,1,5,4,3],
        [5,3,4,2,1],
        [4,5,3,1,2],
        [1,4,2,3,5]
      ]
},
{
"id":"WEEKLY_5x5_2030-09-23",
"week_start":"2030-09-23",
"week_end":"2030-09-29",
"challenge":1,
"puzzle":[
        [0,0,4,2,0],
        [1,0,0,0,4],
        [0,0,0,3,0],
        [5,0,1,0,0],
        [2,0,0,0,0]
      ],
"solution":[
        [3,5,4,2,1],
        [1,3,2,5,4],
        [4,1,5,3,2],
        [5,2,1,4,3],
        [2,4,3,1,5]
      ]
},
{
"id":"WEEKLY_5x5_2030-09-30",
"week_start":"2030-09-30",
"week_end":"2030-10-06",
"challenge":1,
"puzzle":[
        [1,0,0,0,0],
        [5,0,0,0,0],
        [0,1,0,2,0],
        [0,0,4,5,0],
        [0,0,0,1,4]
      ],
"solution":[
        [1,2,5,4,3],
        [5,4,1,3,2],
        [4,1,3,2,5],
        [2,3,4,5,1],
        [3,5,2,1,4]
      ]
},
{
"id":"WEEKLY_5x5_2030-10-07",
"week_start":"2030-10-07",
"week_end":"2030-10-13",
"challenge":1,
"puzzle":[
        [4,0,0,0,0],
        [2,0,0,1,4],
        [5,0,0,3,0],
        [0,0,0,4,0],
        [0,0,0,0,0]
      ],
"solution":[
        [4,2,1,5,3],
        [2,5,3,1,4],
        [5,4,2,3,1],
        [1,3,5,4,2],
        [3,1,4,2,5]
      ]
},
{
"id":"WEEKLY_5x5_2030-10-14",
"week_start":"2030-10-14",
"week_end":"2030-10-20",
"challenge":1,
"puzzle":[
        [0,0,0,3,4],
        [0,0,0,0,5],
        [1,5,0,4,2],
        [0,0,0,0,0],
        [0,2,0,0,0]
      ],
"solution":[
        [5,1,2,3,4],
        [2,3,4,1,5],
        [1,5,3,4,2],
        [3,4,5,2,1],
        [4,2,1,5,3]
      ]
},
{
"id":"WEEKLY_5x5_2030-10-21",
"week_start":"2030-10-21",
"week_end":"2030-10-27",
"challenge":1,
"puzzle":[
        [0,5,0,1,0],
        [0,1,0,0,0],
        [0,2,0,0,0],
        [1,3,0,0,0],
        [0,0,0,5,1]
      ],
"solution":[
        [2,5,3,1,4],
        [5,1,4,2,3],
        [4,2,1,3,5],
        [1,3,5,4,2],
        [3,4,2,5,1]
      ]
},
{
"id":"WEEKLY_5x5_2030-10-28",
"week_start":"2030-10-28",
"week_end":"2030-11-03",
"challenge":1,
"puzzle":[
        [0,5,0,0,0],
        [4,1,0,0,0],
        [3,0,0,1,0],
        [0,0,0,0,0],
        [5,0,0,3,1]
      ],
"solution":[
        [1,5,3,2,4],
        [4,1,2,5,3],
        [3,4,5,1,2],
        [2,3,1,4,5],
        [5,2,4,3,1]
      ]
},
{
"id":"WEEKLY_5x5_2030-11-04",
"week_start":"2030-11-04",
"week_end":"2030-11-10",
"challenge":1,
"puzzle":[
        [5,0,0,0,0],
        [4,0,0,0,0],
        [1,4,0,0,0],
        [0,0,0,5,0],
        [0,0,0,2,5]
      ],
"solution":[
        [5,2,3,4,1],
        [4,5,2,1,3],
        [1,4,5,3,2],
        [2,3,1,5,4],
        [3,1,4,2,5]
      ]
},
{
"id":"WEEKLY_5x5_2030-11-11",
"week_start":"2030-11-11",
"week_end":"2030-11-17",
"challenge":1,
"puzzle":[
        [0,0,0,0,4],
        [1,0,0,0,2],
        [0,1,0,2,0],
        [0,0,4,3,0],
        [3,0,0,0,0]
      ],
"solution":[
        [5,3,2,1,4],
        [1,4,3,5,2],
        [4,1,5,2,3],
        [2,5,4,3,1],
        [3,2,1,4,5]
      ]
},
{
"id":"WEEKLY_5x5_2030-11-18",
"week_start":"2030-11-18",
"week_end":"2030-11-24",
"challenge":1,
"puzzle":[
        [0,3,5,0,0],
        [0,0,0,0,0],
        [0,0,3,1,0],
        [0,0,0,0,1],
        [2,4,0,0,3]
      ],
"solution":[
        [1,3,5,2,4],
        [3,1,2,4,5],
        [4,5,3,1,2],
        [5,2,4,3,1],
        [2,4,1,5,3]
      ]
},
{
"id":"WEEKLY_5x5_2030-11-25",
"week_start":"2030-11-25",
"week_end":"2030-12-01",
"challenge":1,
"puzzle":[
        [0,0,0,0,0],
        [0,0,5,0,4],
        [4,0,2,0,0],
        [0,0,0,4,2],
        [2,0,0,1,0]
      ],
"solution":[
        [5,3,4,2,1],
        [1,2,5,3,4],
        [4,1,2,5,3],
        [3,5,1,4,2],
        [2,4,3,1,5]
      ]
},
{
"id":"WEEKLY_5x5_2030-12-02",
"week_start":"2030-12-02",
"week_end":"2030-12-08",
"challenge":1,
"puzzle":[
        [0,0,5,0,0],
        [0,0,3,0,0],
        [0,5,0,0,2],
        [0,0,4,0,0],
        [0,0,2,4,5]
      ],
"solution":[
        [3,4,5,2,1],
        [5,2,3,1,4],
        [4,5,1,3,2],
        [2,1,4,5,3],
        [1,3,2,4,5]
      ]
},
{
"id":"WEEKLY_5x5_2030-12-09",
"week_start":"2030-12-09",
"week_end":"2030-12-15",
"challenge":1,
"puzzle":[
        [0,0,0,0,5],
        [0,0,2,0,0],
        [0,0,1,0,3],
        [0,0,3,5,0],
        [3,0,0,1,0]
      ],
"solution":[
        [1,3,4,2,5],
        [4,5,2,3,1],
        [5,2,1,4,3],
        [2,1,3,5,4],
        [3,4,5,1,2]
      ]
},
{
"id":"WEEKLY_5x5_2030-12-16",
"week_start":"2030-12-16",
"week_end":"2030-12-22",
"challenge":1,
"puzzle":[
        [0,2,0,0,3],
        [0,3,0,0,0],
        [0,1,0,0,5],
        [0,0,0,2,0],
        [0,0,0,3,0]
      ],
"solution":[
        [4,2,5,1,3],
        [2,3,4,5,1],
        [3,1,2,4,5],
        [1,5,3,2,4],
        [5,4,1,3,2]
      ]
},
{
"id":"WEEKLY_5x5_2030-12-23",
"week_start":"2030-12-23",
"week_end":"2030-12-29",
"challenge":1,
"puzzle":[
        [0,0,0,0,3],
        [0,0,2,5,1],
        [0,0,0,0,0],
        [0,0,5,0,0],
        [2,4,0,0,0]
      ],
"solution":[
        [5,2,1,4,3],
        [4,3,2,5,1],
        [1,5,4,3,2],
        [3,1,5,2,4],
        [2,4,3,1,5]
      ]
},
{
"id":"WEEKLY_5x5_2030-12-30",
"week_start":"2030-12-30",
"week_end":"2031-01-05",
"challenge":1,
"puzzle":[
        [3,0,5,4,0],
        [1,0,0,0,2],
        [0,0,0,0,0],
        [0,1,0,0,5],
        [0,0,4,0,0]
      ],
"solution":[
        [3,2,5,4,1],
        [1,4,3,5,2],
        [5,3,1,2,4],
        [4,1,2,3,5],
        [2,5,4,1,3]
      ]
},
]
